"SHA","Size_MB","FilePath"
"1d487688908067535cc1829e8a18b6a49232b702","9.9418","public/art/00_illustrations/0_gar.png"
"dce8dd253cdbcab677f0dbcc72827d1f964042eb","9.1149","public/art/10_black_and_white/check_in_montage.png"
"da58032398c4bd0b55f0386196515e4ccf1f2bf2","8.5544","public/art/00_illustrations/2_nap_final.png"
"30622014b019d3a63001dcbc05422f54302fba61","7.987","public/art/time_travel_cat-11.png"
"01f259345af9635cb2a601d5a56565b1e4443cae","7.987","public/art/time_travel_cat-45.png"
"11ad2e191a5a36529a5869f45efcc85434d147b0","7.7173","public/art/time_travel_cat-83.png"
"fd27b8ea55cae571a29777477ae48160c0acf78b","7.7173","public/art/time_travel_cat-4.png"
"8bc780804390dbfd27c85b44e72bb88dd71fb11a","7.7173","public/art/time_travel_cat-76.png"
"d00949183b87c36b8b0b89b7be5b64b1400bcb8f","7.1262","public/art/time_travel_cat-62.png"
"0b71f5dfb4ef7b1218b2063254157c3a6bd29298","7.1262","public/art/time_travel_cat-27.png"
"25278e6cfeefead4a479bdae64d21b8642916da6","6.9739","public/art/30_whiteboard/rocco_and_elena_post_time_travel.png"
"5edc46009ae00266aabbd990b92c12484a6caba1","6.968","public/art/time_travel_cat-30.png"
"49ca1d92007cc20e00582907a16a2f24e18f4491","6.4256","public/fine_art_i_like/milkmaid.png"
"32911b841ced60c826e4844d0de1fa5402960dfb","5.6235","public/art/time_travel_cat-85.png"
"a113d0030c4224bc4b816768f73cfdf19dcf8d41","5.6235","public/art/time_travel_cat-90.png"
"b9912a8ea699386f9a8c1ab25b9be89e9a0c7219","5.6235","public/art/time_travel_cat-6.png"
"d97735b4bdaaee4996330f369869f154a4866462","5.5828","public/art/00_illustrations/conversation.png"
"3b65f0ca80702e048118781716590562218bfa08","5.5084","public/mtg/magic/the_liaison.png"
"39c3c226be1fcae6dddbcf58ace151f29ddf2682","5.4996","public/fine_art_i_like/monet.jpg"
"4ef4cd8ccb950a72122dddc928c568b2de1f1c0a","5.4867","public/mtg/cardmarket/scryfalls_random_tale.png"
"4e837db30a0c4ccd08ac2f130da527dfda2e266d","5.388","public/mtg/chain_of_waves.png"
"817a7e4fa6adacd6237cc75651d16913c9eb52d5","5.3779","public/mtg/magic/chain_of_waves.png"
"12612d764ffabae2f1e29252be0649287491e530","4.8432","public/art/30_whiteboard/bartholomew_and_scranklet.png"
"5ced6f2eb72d8d6ea1ab5848630a8d84e50dd652","4.8277","public/mtg/cardmarket/scryfall_random.png"
"712a8009461d5bc30c84271d1e32f2b906277d4f","4.6667","public/mtg/bonus/lt_elliot_and_trooper_wagner.png"
"ddfe3b4989467b8b81476364b19e152f20acb6cd","4.4196","public/art/10_black_and_white/danitha.png"
"d6e9e3641e04cce88a077688859c09edafcba100","4.248","public/mtg/mariah/mariah_unknown_clone.png"
"aca90018628c46fa82197ee3bb0cbf4cb44c948f","4.2427","public/mtg/mariah/mariah_token_bonus.png"
"fc79321103d47701e91ac45ab28b3281d297817e","4.2399","public/mtg/mariah/mariah_replacement.png"
"2e3e654a4573321091ee3c7bb859af64914f991a","4.2299","public/mtg/mariah/mariah_ramp.png"
"4f8c3f3c542d14f77b46850adf3d070bb4a4c044","4.2296","public/mtg/mariah/mariah_token_animator.png"
"7b346a3c78066bca4d09dd757ea311c9efe21680","4.2167","public/mtg/mariah/mariah_faithful.png"
"4b4c3d68fb4786cde55af4a55cb171c2d5c2f4f9","4.2064","public/mtg/mariah/mariah_token_sacrifice.png"
"ccf32804523cd905257f8aa9281bab34e8089bae","4.1899","public/mtg/mariah/mariah_basic.png"
"535114d4c6bc9442090e89fabb0cd891a0cdf842","4.1888","public/mtg/mariah/mariah_control.png"
"4f03b7e21d194d4591a664cc8e9741cd55166a81","4.1259","public/art/30_whiteboard/rocco_and_elena.png"
"5c22c88cdcaea582bcff401e4170032e8851ce05","4.122","public/art/time_travel_cat-29.png"
"453eb766d45c7f1585889d01cc3e9338507be4df","4.0211","public/mtg/sacrifico_letal.png"
"004eb8b9674bf34facc4f6d0a9b4e8b80ff5030b","4.0007","public/mtg/misfire_arsenal.png"
"78e2fdead17703171273803fe38fc03bcd0db3d1","3.9436","public/mtg/Deer.png"
"b96522c89e4975414487380b5f03f2a53e7efa9c","3.9406","public/mtg/kpop/kazuha_legion_devourer.png"
"abafca85f16cd70eb537aaa8de3294c7073cbc4c","3.9183","public/mtg/bonus/one_punch_man.png"
"a2a4a64315b412f921e95a697a49781130c0166e","3.913","public/mtg/other/One"
"d424713605b31913555852b5978e344bc265c4fc","3.896","public/mtg/bonus/the_player.png"
"b8d07020eaf8f82c04cfd113dfaf4dd9e9f33e65","3.8934","public/mtg/the_player.png"
"4f2004ae599511265ae8ee71d0f4656be77c751d","3.8685","public/mtg/the_bone_zone.png"
"1203efa9dde97ae55ef5cf37e4f9de444778892b","3.85","public/mtg/niall/group_hike.png"
"a2efb1274644f711df85c5de7b2177346348ab93","3.847","public/mtg/magic/bountiful_season.png"
"4e1e7734a88400f42afa0935792b74fa5e2339a6","3.8437","public/mtg/kpop/show_recruitment.png"
"ad4fd8a723d9fd3ad32f72f480559205ab6d825c","3.8383","public/mtg/kpop/ros_flag_bearer.png"
"84729db1293f08bb99fe268903c56b37ad335def","3.8303","public/mtg/kpop/rose_flag_bearer.png"
"5345ffaaaa043f46334c1e98a2391b0114577a78","3.8247","public/mtg/kpop/berate.png"
"3215c7e6926c15ff851fd1222b4ce9db684ed10b","3.8209","public/mtg/kpop/chaewon.png"
"7e7406dd1c92733c3bae5c2c420aa533cc9c5523","3.8164","public/mtg/kpop/winter_seasonal_balladeer.png"
"46d7586223822bec6680859a464eb158692abcf4","3.8136","public/mtg/niall/date_at_henry_cowell_national_park.png"
"91e7d24bc63c05841d6c06fad4e23d4ca9b73893","3.8133","public/mtg/artificial_vendetta.png"
"28e9d8a086408aaaa510e83023e78c8884a49402","3.8054","public/mtg/niall_with_sodium.png"
"365d5716c74f0565a947bde631b916edc64fcb60","3.8047","public/mtg/bonus/break_into_a_windows_users_house.png"
"47f4c824d68a9235b01af4e711771ce892c80cae","3.8029","public/mtg/niall/group_hike.png"
"a3a8973d4f22136ecaf47f15a2063e4abb885765","3.7985","public/mtg/bonus/joseph_traveling_merchant.png"
"866359b16d9ad33c949d71958f6fa00b34436950","3.7935","public/mtg/kpop/karina_grounded_leader.png"
"e99e5de26fb2032db792ef6e2fe9f389ed3eb55e","3.7901","public/mtg/kpop/yeri_guiding_force.png"
"acb06091174f88f3a0426f05b4ff58a6140a7676","3.79","public/mtg/five_guys.png"
"4ad7c933aaa008d7ca5abed4c7ba45cde2be24c1","3.7899","public/mtg/bonus/five_guys.png"
"5068e334fc235ab61ad2f0e309d9a773b1061abc","3.7812","public/mtg/magic/artificial_vendetta.png"
"5bc7d5a8faa7696de941e5907ab11e181910a6a2","3.7793","public/mtg/kpop/yeri_guiding_force.png"
"eebc91f7c2c99bd10ff6dc58ece833e1be4a37fe","3.7701","public/mtg/kpop/garam.png"
"85b35884a16ff2d11a57cf6c087a88036e1bfaf8","3.765","public/mtg/niall/niall_enthused_explorer.png"
"7dce4f79d4ebb2cd720cb7ea22fd65134e617baa","3.7579","public/mtg/bonus/usps_delivery_truck.png"
"0ddaf0a1b4f11f3ea2bd1ea83d419aa76181caa1","3.7557","public/mtg/_earth/scott_the_astromancer.png"
"0af173181974b1c0191307a9eb1337b9dff71957","3.7463","public/mtg/alien/uscss_nostromo.png"
"48a1a6bc39efd76131aea73a7848d35bed528cf0","3.7463","public/mtg/kpop/seungyeon_friend_of_many.png"
"32c0de17ddcc226414291009d03b0aa179e1a156","3.7337","public/mtg/bonus/senator_steven_armstrong.png"
"09f208125b6259210470e5b49e441b6a9f9e4cbd","3.7329","public/mtg/kpop/mina_grave_recruiter.png"
"37c061d2eb8773e7ab1ef4919f4f8b0964830da6","3.7269","public/mtg/niall/road_trip_to_yosemite.png"
"92892654881747f5ce582090346e308fdfe23dbd","3.7245","public/mtg/elesh_morn/getting_chased.png"
"fa7d4691d954e8d20b46740a7b55e669234e9310","3.7242","public/mtg/elesh_morn/getting_chased.png"
"746110f52c38c437423923550259f373d77dfbb3","3.7223","public/mtg/kpop/jihyo_trendsetter.png"
"3a0ec63eaa4404d956ebcd47a0f7f7bf7396a8db","3.7209","public/mtg/kpop/nayeon_peacekeeper.png"
"fa096b5d21fb7827f3e6bd4e913738a823843bc1","3.716","public/mtg/kpop/momo_master_choreographer.png"
"6ceaf4b46a48332a99555099537af69b4c344d1b","3.715","public/mtg/kpop/first_snow.png"
"3a7242ff5764f6a8c33772ce42fcca08de495b25","3.7143","public/mtg/magic/recall_obelisk.png"
"c6883859038c626b30c9d63099b634a45f1b0acd","3.7116","public/mtg/bonus/relic_nabber.png"
"9b8585df08192d9a10433429ddf144b75870f608","3.7104","public/mtg/alien/uscss_nostromo.png"
"9be5c6508b5f25711dfecc1e915645c62f4ea413","3.705","public/mtg/kpop/romantic_confession.png"
"79907a42854f1e01645a5a13f82259eeee5cbe70","3.704","public/mtg/hhhgregg/christmas_in_july.png"
"bfb016499a85d388de3719b02f9616577ff85ea6","3.7032","public/mtg/christmas_in_march.png"
"d111c17de7c812474a1bff3d68a30c84cc3ddfc9","3.7025","public/mtg/kpop/raid_the_kmart.png"
"4a575dae21b479f02c7b2bbb5ece86e6bfafb361","3.7013","public/mtg/kpop/jisoo_convincing_liaison.png"
"70d2ee0bc71a1a2cbeb9beeb418b93a5467ec3ca","3.6986","public/mtg/kpop/jeongyeon_comeback_frontrunner.png"
"d3351244c3be382700eb0d2b2f8ddad6ba1ab44d","3.6981","public/mtg/kpop/lead_member.png"
"f518a26ae6ea77c8fee3a9d5de00360df7226e2d","3.6972","public/mtg/kpop/tzuyu_songwriter_extraordinaire.png"
"fe4eee6276877e910fc9c818a81227fdd9b9ad87","3.6953","public/mtg/kpop/joy_cheerful_vacationer.png"
"128471ea34ae0ad1bff9d4f8eff56c9c752c0153","3.6903","public/mtg/bonus/the_beheaded.png"
"12176d87b499c6860c921d2adb5600d850d7d865","3.689","public/mtg/alien/power_loader.png"
"7b4d205e452a17c024a5ec9a67de2af28a2f8b3b","3.6882","public/mtg/kpop/jeongyeon_comeback_frontrunner.png"
"452d88eb7e3cf16380ab58717ca46c7067996b6f","3.6879","public/mtg/bonus/burnice.png"
"fad1c8023e97cda421d891b90853c80dfb5606f3","3.6876","public/mtg/kpop/moonbyul_synchronized_plotter.png"
"d85f77511a11c222ba0b17a62ab449e1d0669918","3.6876","public/mtg/elesh_morn/adventure.png"
"780501172e7c4f4d60c96f75d661813ffa74e48b","3.6837","public/mtg/bonus/dracula.png"
"600888ac2862190eb160e9c78e42f91cf841d3a4","3.6799","public/mtg/kpop/moonbyul_synchronized_plotter.png"
"4b57cac0f3df5cabeff844fb026049a373ae0941","3.6788","public/mtg/alien/bishop_artificial_person.png"
"3a245ee9b452670d30c0042a82f2698a42f8bd06","3.6766","public/mtg/kpop/heedo_twentyfive.png"
"f073e377fc0e4b821d9b1a80caf4234755deb2ac","3.6696","public/mtg/kpop/giselle_feisty_lyricist.png"
"eebe8cf4ed5d1a2ddea092496263c980c6dbae77","3.6689","public/mtg/kpop/sana_leader_of_legions.png"
"806130d5e88fde7631c17591538565b7c686b9e0","3.668","public/mtg/kpop/giselle_feisty_lyricist.png"
"220a106398dc1af3e5f0b11fe167799002bc6c73","3.6676","public/mtg/hhhgregg/ring_fit_session.png"
"2a2d88bb7d36fd97fda7f937e41a0c2396fbf354","3.6673","public/mtg/magic/beast_seeker.png"
"56745b1f961a138e4f122928d9ffdcc0dbf658c5","3.6666","public/mtg/kpop/chaeyoung_inspirer_of_the_masses.png"
"70d28c5bcae267dd53322c4c1e030498b19bf264","3.6649","public/mtg/minecraft/alex.png"
"718c5467a8cd58717c3558f3ca93ce62ca336ee5","3.6647","public/mtg/alien/lieutenant_ellen_ripley.png"
"3aa85d707327f609c4360e756033d40051780e5e","3.6645","public/mtg/kpop/wendy_honored_to_lead.png"
"c091644580eccd0333afae6f70f3eb68ecca583b","3.6642","public/mtg/niall/trailhead.png"
"d2e54f2d55a10f48761b9bb2622832c3288f9b15","3.6639","public/mtg/other/V1.png"
"910041181c81a46f611e58e21ab09d7a98a70f9a","3.6629","public/mtg/metafight/deer.png"
"612775000fa8eb54a28cbca2a611268824baf059","3.6564","public/mtg/kpop/mina_grave_recruiter.png"
"0ceccf248b67351eed2e0e21fcb6c93c823a7f41","3.6557","public/mtg/kpop/momo_master_choreographer.png"
"d6ed83f11d27abb700d07e1086a6abc83d6d6237","3.6529","public/mtg/kpop/twice.png"
"029b59dd84fd2917f02f8e16b453a83cc57973f3","3.6485","public/mtg/kpop/the_debut.png"
"1918c05036a0d5fdf752d518c57792d2ed6df646","3.6465","public/mtg/kpop/jennie_feared_lyricist.png"
"809b23b728c6c601fb76457fd99bb103552d4abc","3.6434","public/mtg/minecraft/steve.png"
"89a8df01a454c3b6e5d3839b0f7373732bfdd2e4","3.6417","public/mtg/kpop/jisoo_convincing_liaison.png"
"bd3b92ef87e213abef1aed4f5f9b77f91e043ced","3.6397","public/mtg/bonus/the_chainsaw_man.png"
"68e968660cd0ebc3546552b8b86c5fc4e2c82d2f","3.6375","public/mtg/kpop/irene_chaos_visionary.png"
"a9f889bce0b46f5eb4834ea0d39103491be627ac","3.6328","public/mtg/kpop/jennie_feared_lyricist.png"
"737d172a08f3cfb9004980de2c3893b6f1087d08","3.6326","public/mtg/kpop/emart.png"
"9f5068482ebc074a25ef4de1674c154d50883bde","3.632","public/mtg/bonus/run_them_back.png"
"c1e482d20edcaa4489310c5ef6e77f4a8d92af1f","3.6316","public/mtg/kpop/hwasa_peoples_advocate.png"
"45570f31a20e66349a968fa14bb8587c124147e4","3.631","public/mtg/atomic_separator.png"
"2912b2a947141477f569706eec472e861e75e0bd","3.6302","public/mtg/bonus/atomic_separator.png"
"75fde43f704c4435de6f9a4ef2de5b15947a9bee","3.6284","public/mtg/kpop/irene_chaos_visionary.png"
"a6cc48f75c538fbe1c8b18dead6c812602db2d21","3.6283","public/mtg/kpop/seulgi_risk_taker.png"
"954938a79257ea20fbfb4bf4c5fba97fee67234e","3.6269","public/mtg/niall_corrupted.png"
"7fad4718a057d4c7a7bab5ec475c2623124490c3","3.626","public/mtg/kpop/matching_outfit.png"
"277a9dcf3b2d19330ede03e0ef8c3da2b9d52eca","3.6185","public/mtg/alex.png"
"8f6761cbd496d0e2f6eb0204021d069ba3602d4c","3.6153","public/mtg/beast_seeker.png"
"e67d94e760ebadf27c7592d182516618903397dd","3.6132","public/mtg/kpop/behold_the_kpocalypse.png"
"003aa67d97977830a6f98c57583b73436a51075e","3.6118","public/mtg/kpop/dahyun_group_confidant.png"
"bc67a79e5b2c0b4c65645325a9801a90e35adb4a","3.6099","public/mtg/bonus/emergency_meeting_version_2.png"
"f4c8d43f8d9bd1cba5cd946a0c9e37845ed7b5e9","3.6077","public/mtg/biomechanical_alterations.png"
"e417fe6be7ccfa2aef0ba83e8d530d8dd9696f00","3.6063","public/mtg/kpop/emart.png"
"10377edf24df63fa45ac2d3c1d79e647546415fe","3.6049","public/mtg/elesh_morn/another_recurring_nightmare.png"
"3a8332cb96ca518ddcdae883e587fecf5db3f5e1","3.604","public/mtg/kpop/solar_steadfast_cultivator.png"
"d3650d445e89f601162921a9d8aa10bce0944ad5","3.6022","public/mtg/kpop/tzuyu_songwriter_extraordinaire.png"
"52d8bfe80688781206bebaf21d7ff00391adaf17","3.6014","public/mtg/elesh_morn/surreal.png"
"10e2bc50833752e89fdd8318586285b98b3f5b57","3.6005","public/mtg/steve.png"
"513c34139d2046f9af08eed63e4619a071175e57","3.5971","public/mtg/kpop/behold_the_kpocalypse.png"
"c4d82b6f74c653c855cb54c88894b134b127529a","3.5932","public/mtg/kpop/treasured_pendant.png"
"e4c58e93990050059df2f8bb5fbe96e5a78e9fb3","3.5918","public/mtg/kpop/recruitment_spree.png"
"d2e0df19e8aada973cec08c6944a23683febf4c4","3.5893","public/mtg/kpop/incheon_international_airport.png"
"07a0554f83244eebb2fbce6f0d87e4b3f3dcd975","3.5891","public/mtg/bonus/joining_the_circus.png"
"3c066e753f2c7bbe20ea990375733eb42fa430cd","3.5866","public/mtg/david_life_of_the_party.png"
"a0dce7c534376769f2aa2c1b33c8bb6545180099","3.5863","public/mtg/_earth/david_life_of_the_party.png"
"790604077b25be54ebffba546fff7cf13e5c7d5e","3.5863","public/mtg/bonus/hatsune_miku_digital_idol.png"
"057603e57ca13c1a17ebd2430e406804691a168b","3.5828","public/mtg/alien/the_xenomorph.png"
"1147d32fcb21ba38b56a917381a42d4fdc60349b","3.5828","public/mtg/joining_the_circus.png"
"2eb427a244fba8beb54205ab18608d4d0b4b2d30","3.5827","public/mtg/kpop/sakura.png"
"b8e78bd38c99c649740b9c275d1313ca6223e0fb","3.58","public/mtg/bonus/pistol.png"
"9885effc7cdff62ebb6849e09df4b41c44e42269","3.5768","public/mtg/niall/vending_machine.png"
"9ae3475da7cd95f3bcfb78100519fdf80cf73853","3.5754","public/mtg/kpop/sana_leader_of_legions.png"
"9530e94d9241c40b273ca2f75544e1234e0398d8","3.5752","public/mtg/other/Pistol.png"
"d60202c958017bcbfb4c73885e7c908a408c6965","3.5708","public/mtg/bonus/coin.png"
"f7b044e99ffffc84753c83453edf1a4d0a4446ff","3.5668","public/mtg/kpop/lisa_menacing_icon.png"
"5db9b5767d6c049972fab60d5af45f60d542d129","3.5657","public/mtg/generous_gift.png"
"e6ebe8af4d49ad456e52dfb8d04afcc3f8e43ba4","3.5649","public/mtg/other/Coin.png"
"73e97a1a44f9486a5789370182a8a3767a9bb8ab","3.5615","public/mtg/kpop/eunchae.png"
"d9fb4bf5728773065c832678b22f66d085302aa7","3.5577","public/mtg/effective_lure.png"
"c533b7db0a45d4033d844af2cdb83d20a25d7bb6","3.5576","public/mtg/alien/parasitic_attachment.png"
"677a60d7a2e711a67d7e5b49ecb5ffcc1b3f9a65","3.556","public/mtg/elesh_morn/elesh_morn_sleepyhead_back_well_done_invasion.png"
"1b99610af014e0c95e80267b58e40e2d70e65b61","3.5519","public/mtg/alien/still_operational.png"
"a9e963491abcd10b0fc3bbbc6e31474dab46159e","3.5518","public/mtg/bonus/prius_vehicle.png"
"31282d13476e551641f5a3f61344dd46b7461d2c","3.549","public/mtg/elesh_morn/feast_of_a_lifetime.png"
"b968a937843a459f7e9838b1200f71539741bfae","3.548","public/mtg/kpop/hari_expert_chef.png"
"4efe28523e8c56b85a223ca19cec30aa0d3a9369","3.5462","public/mtg/kpop/hwasa_peoples_advocate.png"
"bfa5c27faed3a7d33049bef5a1b5a059fe20a781","3.5404","public/mtg/kpop/hwasa_peoples_advocate.png"
"7a47663d42d6fe21ea63bc55df445a31d2de560b","3.5321","public/mtg/kpop/lisa_menacing_icon.png"
"5dcfa0efe8a188e707357cb2d896ebaf49922d12","3.5321","public/mtg/kpop/jyp_headquarters.png"
"18563f2d7c7d0bb44e6fedbe71e19b2408e06de6","3.5257","public/mtg/minecraft/time_to_farm.png"
"2ad8954818ed285d1857725fc930666df28fe3f6","3.5158","public/mtg/alien/face_hugger.png"
"72f41d5e9c1ab464b171c47a2875e8335025a102","3.512","public/mtg/kpop/solar_steadfast_cultivator.png"
"c06b6c5c08ec307b105c4235c4ac02e46128a9e5","3.5052","public/mtg/kpop/shot_clock.png"
"062bc26174ee792e9deee2219f6c04adde8178ea","3.4993","public/mtg/metafight/sacrificio_letal.png"
"c8abff3076d4630b989349bf6463426d978f46b6","3.4875","public/mtg/alien/bishop_artificial_person_back_still_operational.png"
"9b201b768ec14bef1356a6fbd2fa82ee32885725","3.4641","public/mtg/magic/sleeper_monument.png"
"99f742c038023b07d445c48766a802844cb8cef4","3.4617","public/mtg/tubing_bea.png"
"ec3c74b188dfa5639c5f2f2676cd2072baa35782","3.4557","public/mtg/niall/yosemite_national_park.png"
"ea10f64f6f29ace351397e5b1744666721f9d6c7","3.4522","public/mtg/elesh_morn/running_slowly.png"
"38d786e1eec97c4cb815a5bbf6241bfcdc332401","3.444","public/mtg/metafight/misfire_arsenal.png"
"ad1471d7e49699f449dac2ba68d353bc7195ee83","3.4387","public/mtg/niall/road_trip_to_yosemite_back_yosemite_national_park.png"
"ad2db6b6182574ec074ce6e584869cf2e75172f1","3.4229","public/mtg/kpop/dahyun_group_confidant.png"
"1543a0b2f6faab910d2a725d2fc9d878ac6708e0","3.419","public/mtg/that_elevator_button.png"
"3b05b1c55e9982764ed88abb3f9c4c259c0ebc21","3.4166","public/mtg/metafight/corrupted_niall.png"
"0568379c547f4b442c53a23139a7931ab998b101","3.4153","public/mtg/elesh_morn/date_in_the_future.png"
"82de3f9bfc52638a54b9f513e0f880db447748aa","3.4104","public/mtg/kpop/awaited_debut.png"
"a7bd2a47519334ce95643394eec8c18bd622454d","3.4005","public/mtg/_earth/alex_airplane_devourer.png"
"5f710b759ff20ce08537d9f7bd626a0775edd16d","3.3995","public/mtg/_earth/scott_enlightened_thinker.png"
"8d55747409161fbb528df0d399142190a4e35cf1","3.3982","public/mtg/niall/henry_cowell_national_park.png"
"582bc1f01b13d7c4d3eaa530b0577847854e4279","3.3981","public/mtg/gather_in_the_public_square.png"
"b64ca777360981b0b5c842591601a72848bc7093","3.3979","public/mtg/scott_enlightened_thinker.png"
"1a979c42c3ed67bf39616cc7c9bdbfe32c849a76","3.3937","public/mtg/we_will_live_again.png"
"a8cfcc83f290a46c9be57a963d45d48ef66381cf","3.3925","public/mtg/niall/cinder_cone.png"
"e4a741631191718b8e632163030e9c16f506babc","3.3922","public/mtg/suplex_reversal.png"
"6ecaba568ad9b1dd9a8ec2e0bc728c05cd3f0b49","3.3827","public/mtg/metafight/biomechanical_alterations.png"
"4a03e077b88de554c5dfba65b77c5bfebcf08690","3.3812","public/mtg/jen_in_air.png"
"d64e74683e38b1ea80160af35bf37c885b0371dc","3.3745","public/mtg/metafight/the_bone_zone.png"
"5b0b447b4fd40c491c3d00806cfb13720399c97f","3.3723","public/mtg/scott_the_astromancer.png"
"e350080985f8f0451691cfee71e4d4ebfeedd577","3.3665","public/mtg/turnige_vegtible.png"
"8e7663f4faded5391156efacb1e801924df994ba","3.3662","public/mtg/super_flotation_girl.png"
"9bb20e4180896c33381b6cc4d88d683ff4268139","3.3614","public/mtg/_earth/almond_and_milk_enjoyers.png"
"ef0ef483ed97812ded4b91c0daaa82663efa9193","3.347","public/mtg/magic/gather_in_the_public_square.png"
"ddcc506af3e51b20c7d957796436467fb9ea3ac7","3.3434","public/mtg/magic/hay_hauler.png"
"ebcee50207dc26d920fb7a16895b31d6dd7a4fe6","3.3341","public/mtg/niall/date_at_henry_cowell_national_park_back_henry_cowell_national_park.png"
"6532acaefa728b4c6fdfc9acc700bdaff5d64a1d","3.3207","public/mtg/bonus/hanging_chad.png"
"9c9e49bc61fa354d1791efe3538271cbe2a20c10","3.3104","public/mtg/hay_hauler.png"
"d56a72aa10b5394786d0c34ffeda5bf5900a57b1","3.2945","public/mtg/niall/park_ranger.png"
"8147327ba1ff8780e9f7bb678e5ad9a7ac297b26","3.2792","public/mtg/plot_armor.png"
"6d24153ac01b6793308c2b973d282eb3d829ba01","3.2723","public/mtg/elesh_morn/elesh_morn_sleepyhead.png"
"5e8e1a065232dab635e129d8582d4a2846956d06","3.2704","public/mtg/metafight/niall_with_sodium.png"
"bfeafc6e305ecf738c4351d4d2c8260d9dbce918","3.2702","public/mtg/metafight/generous_gift.png"
"0aae085edd405eaa3b70f1dcd10cee953ba9e4f4","3.2556","public/mtg/tazer_girl.png"
"4ccf92f629f20068759b88a1cbcfa57b25e25b60","3.2477","public/mtg/_earth/stephan_datamaster.png"
"2ffb323c8c3ddb408de6259fd4eca2afc4149d75","3.2405","public/mtg/elesh_morn/a_momentary_lapse_in_physicality.png"
"8140ddf583265e12d5e6d888a6543018c8b042cb","3.2396","public/mtg/bonus/go_to_ihop.png"
"62af084d73d39f3acc86aa91a04f52004a198d3a","3.2373","public/mtg/elesh_morn/a_momentary_lapse_in_physicality.png"
"dbc3c70c1983b1e51f3ccd19584243c4a5413830","3.2339","public/mtg/magic/apoapsis_crawler.png"
"b654706bb6500cc18ec2ed27082552e53a31b188","3.2321","public/art/30_whiteboard/legally_blonde_movie_night.png"
"62209b04fa2aabb7f442d305a03b8c2e095957e5","3.2188","public/art/30_whiteboard/meowna_lisa.png"
"ac9e28b6d4333e167bcd8dc77a923e18242f71fe","3.2116","public/art/time_travel_cat-19.png"
"24d13445d1b565b51f7a334e44af67e3e4300648","3.2071","public/mtg/kpop/seungyeon_friend_of_many.png"
"e1726a5f51171c7789e307e75e1e6bfd414fadc5","3.205","public/mtg/niall/yosemite_falls.png"
"088b21a6de1d1a5b5fe0265ab903f50c1bea7e8a","3.1907","public/mtg/excessive_tax.png"
"efbb20bbb054ae6efc6aeb0b0cb5d6278c9ef75f","3.1789","public/mtg/magic/high_sea_mutineers.png"
"af7fd508c130a5bfa097984204773514885cf698","3.1787","public/mtg/containment_breach.png"
"29abdb4b1f8dfa773c09b657283854aba9434033","3.1632","public/mtg/kpop/forecasting_love_and_weather.png"
"e21d440a9dd2524f210061b11688ab5b0f2806e7","3.1574","public/mtg/kpop/taeyeon_venue_packer.png"
"07023d51a92a760ee9352836f05461b4f44a91ea","3.1537","public/mtg/shooting_fish_in_a_barrel.png"
"18afa5c21b2b2d93452ef311dc4f036512a054bd","3.1465","public/guide_covers/economics_cover.png"
"f0b2cfa9057ad00e604f98f3fae0471087b31e89","3.1457","public/mtg/metafight/suplex_reversal.png"
"a49aab206c2ce74b2aacaa2331afb976f9f9d963","3.1444","public/mtg/high_sea_mutineers.png"
"ca4201badab6be1e05d510e9f5ee1b3261fa0d2a","3.1386","public/mtg/metafight/jen_in_air.png"
"2ce5a026e52c8d95b209c49d4dc6157697cebd1f","3.1379","public/mtg/the_test.png"
"8c144f5a57042feeef619f1eec7d9f961269ad52","3.1097","public/mtg/kpop/chaeyoung_inspirer_of_the_masses.png"
"ea78ab0d8c9916bbd57dc07d082f490defeb7e97","3.1084","public/mtg/niall/campground.png"
"bed6c1f332b444fde15f9d0aa20e21f63908d9b2","3.1044","public/mtg/elesh_morn/journey_through_the_subconscious.png"
"b5a042f2434ba3e636948a0e1245e5763edf29d1","3.1013","public/mtg/kpop/jihyo_trendsetter.png"
"565b64fbf63d0cbb371fd28266cac3a6611ac7cc","3.0927","public/mtg/metafight/effective_lure.png"
"3045e41efa795b77579a484b062e158fb71cc371","3.0882","public/mtg/kpop/nayeon_peacekeeper.png"
"ddc153f00fb4c48e34594543924cc86b47740fa5","3.0683","public/mtg/scarring_search.png"
"0ea28a85008127a824638955409fde44218ce61d","3.0657","public/mtg/niall/nayeon_frontier_forager.png"
"82c04a6930f346a2c62022e505d5b97dcf6c6e2a","3.0459","public/mtg/swamp_swamped_by_swans.png"
"a7185b32483beb3017be36696cf63bc549b0a45a","3.0382","public/mtg/elesh_morn/falling.png"
"dc4fc9e88d279adae0583790b0fcbf2852dcc85d","3.0377","public/mtg/bonus/heist_the_louvre.png"
"854509164f1512fba38e7a2358df95d4b93e9a42","3.036","public/mtg/kpop/signed_on.png"
"8ecaef7e499ebb477d493e72e9f5a47bed24bbd7","3.0155","public/mtg/hhhgregg/fax_machine.png"
"ffee7fe0bc2096cfb60de9b17a6ad49f1d9b0b38","3.0112","public/mtg/the_relax_sign.png"
"2230ff1b600f183c3db47dde62fd4110490e7a89","3.0096","public/mtg/metafight/plot_armor.png"
"c80e632ea484c5405dcdcea588fad551741fac01","3.0083","public/mtg/Magnetron.png"
"86126c8ce25120db2a008c3463cfe7ad652c6fe6","3.0046","public/mtg/hhhgregg/repurpose_the_surplus.png"
"46ea35520e624d783c9b757b0bb5744d6446f8fd","3","public/mtg/hhhgregg/copier_machine.png"
"d44e243baa0d6752ffd77cf70c7bf66981feac69","2.9983","public/mtg/alien/newt_fearless_survivor.png"
"eafde3160a38fed143ac430f2cdc9d3e7badc9ae","2.9873","public/mtg/metafight/containment_breach.png"
"6298a8eaaeb40654ec20d2e61caa24347149e7ac","2.9855","public/mtg/enchantment_table.png"
"7169b230633483102ce64761be637e84e7de610a","2.9838","public/mtg/minecraft/enchantment_table.png"
"e63aa9db62194264c09a88410854d77a39c303e2","2.9765","public/mtg/that_elevator_button_the_witness.png"
"c2bc2ed2536b42fc68ffa5a89720875ea30366b2","2.9754","public/mtg/metafight/shooting_fish_in_a_barrel.png"
"036f8972eb70b2c636bbfab5d9802c4a12f5cea6","2.9694","public/mtg/elesh_morn/date_at_frys_electronics.png"
"2409515254979bba43e833d06557e56776016119","2.9515","public/mtg/elesh_morn/date_at_the_cat_cafe.png"
"086fd2f5cda1eb6f79b644f9f74c45cb46f107ac","2.9513","public/mtg/elesh_morn/i_wonder_how_it_ends.png"
"0b0577f5d078cf22e0a468b9885684c1881853d3","2.9472","public/mtg/metafight/the_test.png"
"17e6affd78775dd8ecc85c9dd61d71a3d5af791c","2.9379","public/art/20_high_quality_mixes/grand_halation.png"
"9fd70bf839e07be82def4e333b262880bfd8ccb0","2.9368","public/art/time_travel_cat-47.png"
"89a0c9cc66d1fe7f90fda11c22e5c4171eb42c76","2.9368","public/art/time_travel_cat-13.png"
"4ad6a4233b4fe240c600ce86a1ce0482c7c80b77","2.9299","public/mtg/metafight/excessive_tax.png"
"9308104540490cacaea45dbffd1140063aab30e8","2.9216","public/mtg/metafight/that_elevator_button.png"
"eb8a2001aa888cd32bb4f34420d05e1fac7b7eb8","2.8806","public/mtg/metafight/swamp_swamped_by_swans.png"
"d975523252adf8d0904fe229ba2948d6aaff961e","2.8447","public/mtg/metafight/magnetron.png"
"2eb040828a125626ab5061a669a3965d4dca38f5","2.8443","public/mtg/niall/half_dome.png"
"37ac93c50a96da13adebafd20d3fabe38446e64f","2.8407","public/fine_art_i_like/swing.jpg"
"0e66c479f2428d99d7199ed59911259e7e9c9439","2.814","public/mtg/smokey_cinder_cone.png"
"0284f9e932a66dbf35a1cfd269c93d259c577fa2","2.8087","public/art/30_whiteboard/frog_genie_and_tess.png"
"4130c3ff4aa1024c477ee89c9b92b82d2b71e033","2.7985","public/mtg/metafight/the_relax_sign.png"
"013d0269fda20d3c982509751eaf451a3c9d4b42","2.7785","public/mtg/_earth/stephan_tableau_acolyte.png"
"8a60a22206d72826c178c24fa9af1c1a4ce8c961","2.7688","public/mtg/metafight/that_elevator_button_original.png"
"f1e2b5b62fff42e1a6d431fdbce5a18528e1e352","2.6465","public/mtg/metafight/smokey_cinder_cone.png"
"316ace95ae842bc19828a780a4a62200c0635bdf","2.6215","public/guides/networking.pdf"
"4dd13c1c11e61cef57996b903a38e703d5d27a66","2.6214","public/guides/networking.pdf"
"531265af4c0a8f2c40041ddbe48e92e8b077e35c","2.608","public/mtg/Philosophy.png"
"b402f0e1b6fcdba2943992a24a771e1c929515ce","2.5722","public/mtg/Chronokinesis.png"
"9e8e3ce1c74e74cb97cc85f82ba724e4e9c97a20","2.5394","public/mtg/_earth/mango_multiversal_constant.png"
"f009da27867c7c549997426239846dfdb3e5cf26","2.5387","public/guide_covers/operating_systems_cover.png"
"2c6aada2d71254a4267a7179f11f082af186f06c","2.5278","public/metafight/bonus_cards/bonus_1.png"
"fcdfc6acc62d759621aa374ba96d3293c0f465f0","2.5109","public/universes_beyond_logos/_earth.png"
"84feb3362b76495d9e05ca0696590440adbc81bb","2.5038","public/mtg/beat_rice.png"
"525ea256fb6565ae47184d91358cbd3429f11993","2.4734","public/mtg/metafight/chronokinesis.png"
"374440dd8aad36ab4336b7b73ed0415962f8f27b","2.4656","public/fine_art_i_like/wave.jpg"
"66b96133c9b39d748f48b88225f13d62b78b8aa8","2.4609","public/mtg/kpop/wheein_quiet_usurper.png"
"65228036dbabe000edeefb87b0b4d52b128543a0","2.4521","public/mtg/metafight/philosophy.png"
"aaee78e60bff1fc28a4af08be356fe58ce0afb63","2.4478","public/mtg/kpop/wheein_quiet_usurper.png"
"186041ac47934e610cc52ad4de77f1887317dad1","2.4177","public/art/10_black_and_white/refrigerator.png"
"175db394fea44eb25baef718f48f4c30d3c1222e","2.409","public/mtg/park_imperial_counselor.png"
"6baa927dd4157aa51541ec21f3790a30c3667045","2.3899","public/mtg/metafight/beat_rice.png"
"52e3e490f6160e838948cef4db2a73dec34bec01","2.3749","public/art/00_illustrations/3_check_in_final.png"
"98efd688f4a9184c74ef57200e8d8d1ca24a9675","2.3687","public/mtg/kpop/ningning_marine_prodigy.png"
"2391a5f53b2dd9eed63c47ac9e32c91cf9cbad58","2.3661","public/mtg/magic/tempt_the_merchants.png"
"3a889e319b137a214acefe2614cefbec69d45909","2.3656","public/mtg/bonus/megalodon.png"
"4f29c4f76723eec0bce75ca8a0ad7856e3baadea","2.3566","public/art/time_travel_cat-3.png"
"52c646c736b54fc5d36b0a69a54da5b182801c6b","2.3269","public/mtg/warehouse_purchase.png"
"f4c9bb1c190c179bd2672cea83d621877994ed6b","2.3268","public/mtg/elesh_morn/recurring_rift.png"
"bd20709c2ea5ab7cca5fec1f703fee31b7df4714","2.2343","public/art/00_illustrations/1_sunset_drive.png"
"e87180d3508c8c84422ddbc0d8b212744ddb73dc","2.2291","public/mtg/elesh_morn/flying.png"
"341a4233c8f6bd6c2cf2bee2bc36a07b8a5518ab","2.2126","public/mtg/metafight/warehouse_purchase.png"
"65bc7b2cbe26c50f286b275a63ff51adf97977eb","2.2024","public/art/time_travel_cat-67.png"
"1c04e6c6dc6a32b745bb34df626b54f80c7fde91","2.2024","public/art/time_travel_cat-31.png"
"c7f1ba3374e5e249e821dc6e8840672dcc9a6008","2.1631","public/art/20_high_quality_mixes/high_quality_hotline.png"
"40cf01fba8b59b99d01e284bc45fe6401bec2cc3","2.1575","public/art/siiva.png"
"ffc59225d9a5b5be3ad786f4bf8e56402febb3fe","2.104","public/mtg/niall/niall_relentless_ranger.png"
"c45388733205a57f32427be1335a362296c1c282","2.0617","public/mtg/date_at_frys_electronics.png"
"75936c3974d572883ca1d5d373f310350301a689","2.0184","public/art/10_black_and_white/ratman_2.png"
"8207d5ab7410ae4502abb2ddc13507b475ecbfa1","1.9728","public/mtg/think_again.png"
"f26dd645b0cfb2ce67840d191bceba3341fbff3e","1.9499","public/mtg/niall/the_guide_nialls_invention.png"
"1b0c4ab3b57068dcb6cd8504e57d704d53dab007","1.9308","public/mtg/niall/nevasca_glacial.png"
"2f4f99baa6c25860fd0c9d629f9edc0e5645688e","1.9274","public/mtg/joseph_traveling_merchant.png"
"be77131a423df8e606d1e5888e0dc7326b527d41","1.9191","public/mtg/bonus/take_six.png"
"4d2dd5805cc024802d0da0aa2f2d013759e08c09","1.9188","public/art/time_travel_cat-46.png"
"b10dc2a8c7b944d67247e4a230ac5eecac6b14da","1.9188","public/art/time_travel_cat-12.png"
"26021f45b0e1bd075b9fbae429f236f996a9522d","1.904","public/art/time_travel_cat-38.png"
"8c4a57b2dbba67ef228cda196d9f6c1ff549c240","1.904","public/art/time_travel_cat-74.png"
"6d628d690c8f7b6a711f22dbac91a856ef04b9d7","1.8858","public/art/10_black_and_white/toaster.png"
"3205e927685f0454afef8b1fb38fb33e1e08dc7a","1.8379","public/mtg/niall/unplanned_hike.png"
"402a9c3577f148aff275bd254bda8856c7a8bdf8","1.8328","public/mtg/niall/nayeon_world_traveler.png"
"7dd91bf9da29e611bc5dc46fdc989c6f573987e3","1.8311","public/mtg/_earth/park_imperial_counselor.png"
"60fe7af49c825c29d9fe45d5219dd7edc6254d0c","1.8272","public/mtg/metafight/think_again.png"
"1755283bddea952da39a0185d8690bc0dff2f31a","1.7865","public/mtg/bonus/the_contessa.png"
"51e55d312fb1487130087d8f487f832fe685c671","1.7854","public/mtg/bonus/garfield_banquet_devourer.png"
"d2ca7ed0f44a030e7dffcc38b077e523b91fb3e4","1.7775","public/universes_beyond_logos/niall.png"
"92fdadf155b565f4fbfa1be46291c2972447b0a2","1.769","public/art/05_color/godot_sketches.png"
"dde01b9a7c5b03724aa8e23c58d6cf95081aa09b","1.733","public/mtg/niall/nialls_jeep.png"
"c38f8f78d15345272ebd749e97a9b7eaad3e8041","1.7061","public/mtg/kpop/seri_joybringer.png"
"1f5c3c9fd2f8d7a466951abeee46e9ec962ab8a0","1.7001","public/mtg/bonus/falin_faceless_broker_life.png"
"798aee6fe3522a7a67d37db5e6ac7c9999fc8e47","1.6828","public/art/time_travel_cat-69.png"
"6ec49c5ffbf3dea1879744e7142262895ed63a72","1.6828","public/art/time_travel_cat-33.png"
"fb9cef53f0ed6f17fd00e644082a6413a2b7f705","1.6417","public/metafight/bonus_cards/bonus_2.png"
"d758fcf6077d32b8c49fb3d11616c0f1ac861f1e","1.6334","public/guide_covers/networking_cover.png"
"88d37dc6f8a5ad09049d10c53643a52cfe476511","1.5681","public/art/05_color/slate_sketches.png"
"1c258bb25d015d1a0c94c5fc4a44b7aee0b2c550","1.5634","public/mtg/bonus/emergency_meeting.png"
"e7f459dd54ddc83f74517344eee48175e4b91147","1.5459","public/mtg/Unplanned"
"1259791011ec9b8f1a70aeaff04598c3d64e3d78","1.5441","public/mtg/niall/hike_the_beaten_path.png"
"fa15a0b0b7c905fddd32232fa080ed152fd43039","1.4898","public/mtg/hanging_chad.png"
"ea07f2dc154fc6a1956269bce64c44524b67ea55","1.3654","public/art/time_travel_cat-51.png"
"c10e695e067c185c8b85d3042fc070084a6284b9","1.3654","public/art/time_travel_cat-17.png"
"ab717c4f9f5dd95557c36afcd177082773144d90","1.2568","public/art/05_color/laura_sketches.png"
"c5e92445a074a06b66f1f9eb426eb540efe4c91a","1.219","public/guide_covers/networking_cover.png"
"98a31ea0adf38bcb6c0f07fc8fc6abec02be5edf","1.2036","public/art/time_travel_cat-73.png"
"22aeeef8c40c1c9c163251b5bb35064ba2ab0e2a","1.2036","public/art/time_travel_cat-37.png"
"a2a084fe3559ac5e0746842eb3fb9a86540497c7","1.0968","public/art/30_whiteboard/time_travel_cat.png"
"243d2b86a06e45b9291a73f149fc6696679dd4b9","1.0745","public/art/05_color/starlight_serenade.png"
"ba2f861ce4ab5133d0302d36f52c943412816507","1.0446","public/art/10_black_and_white/snuffler_s_bluff_ratman_at_sign.png"
"310c5d9c76d9bcd4e5b34ad1d138c68b46909328","0.9973","public/guides/deep_learning_guide.pdf"
"87f4b340a396c434d458de8c2befd6ee743b52fc","0.9611","public/art/10_black_and_white/ratman_1.png"
"444b42dc33e6945928d43580ad10a8bc5bad56fd","0.9575","public/art/time_travel_cat-92.png"
"e6bba97a43743a2701e09e2b5ca439d5f3a534d0","0.9575","public/art/time_travel_cat-8.png"
"a9bf8685baf680544b3cbc142b13d6b1b3a0167b","0.9575","public/art/time_travel_cat-88.png"
"a196f843be251687ccbe8d5d4f124816d5599838","0.9546","public/art/00_illustrations/duolingo.png"
"f96af9ed5f4fee9a61c377fb00c6569a34326edb","0.9349","public/fine_art_i_like/lisa.jpg"
"18f90c21c8f4a88e9318029d25cfedd053596fdc","0.857","public/guides/economics_principles.pdf"
"8160ffc05da9687d7a0d7bd61962dbdfd6cd0f93","0.8341","public/art/time_travel_cat-50.png"
"d671d0418efaa3e716e6358646a8b0ad6f0f46df","0.8341","public/art/time_travel_cat-16.png"
"870c728ad70cbf8b85bf8f8c3670bb0b9041e49a","0.8211","public/guides/operating_systems.pdf"
"2a08f42c6052ac8e052187e28f22dc3e30e2df98","0.8211","public/guides/operating_systems.pdf"
"c0cef665612b35cc8a84eb6d24dc6001e15b56d7","0.8211","public/guides/operating_systems.pdf"
"c041b713658723198cdb5b94fe4b24ece6337007","0.819","public/mtg/niall/becca_baker_extraordinaire.png"
"8517f151d601a4a84137c3d738ae8193983d7585","0.8179","public/guides/operating_systems.pdf"
"ffd128ab842d1b4524f771271559f1cc1f6f1967","0.8155","public/art/20_high_quality_mixes/knights_of_the_grand_2.png"
"6804d390a020742a392b4cc658816f5f39bd8695","0.7038","public/art/10_black_and_white/metafight_bone_zone_master.png"
"1b0cda3ee1da0c837cef85f3a41f9d3307dbb767","0.7008","public/art/time_travel_cat-81.png"
"00b028a1c2b099365eb7f951585b98a810315982","0.7008","public/art/time_travel_cat-54.png"
"888109ab65475b6d3f0934a260e92ba9fad0894f","0.7008","public/art/time_travel_cat-2.png"
"cab927f3b0e1d7a0d471486516f9218240c0f374","0.6954","public/art/10_black_and_white/campfire.png"
"56116863ba2ec8b9e32e064873ec25a2041778c5","0.6627","public/fine_art_i_like/mondrian.jpg"
"ea8be2f81e03a101e28fab25101e28c7f0dbbe27","0.6625","public/mtg/bonus/antinous_siiver_gunner.png"
"fe735d06b5f1b2e2c7bbd04e218a9e4651f28801","0.6044","public/art/05_color/business_casual.png"
"274605154338ccf6bf3405ffdad3ec06683d42aa","0.5811","public/art/10_black_and_white/color_image.png"
"40a1c1e5b19f0eef2b51bf37067a743cf363d2a2","0.581","public/art/05_color/tashana_first_look.png"
"b7355bbd6e070ce2caaae9795bace39bffdb1469","0.5788","public/art/00_illustrations/4_suplex_final.png"
"e1883d62edd0470dc0e5b94694b98e032154e6fb","0.577","public/art/time_travel_cat-39.png"
"d6a3d73a6b5a2f11749085d7b1e44eee00117b84","0.576","public/art/time_travel_cat-77.png"
"394aec48cdabb0e126710ba1c6f22e09b1e5197a","0.576","public/art/time_travel_cat-40.png"
"6aeebc696b889db4187bceb7ad4e719252f5f3c8","0.5753","public/art/10_black_and_white/iced_tea.png"
"0fced4d5cc8099fcf5977c6070f13f3a1e39f359","0.5669","public/fine_art_i_like/pearl.jpg"
"0ac604e96ab8de46b7de9b2be511f9a4f5af9db9","0.5555","public/art/10_black_and_white/rat_slayer.png"
"04992ebb4cd7eb64fa05b3b8494ed8aa3a43fd63","0.4934","public/art/20_high_quality_mixes/siiva_4.png"
"1d8b98e62b3ffafe90f4c2b8d3274f076518a484","0.4583","public/guides/economics_principles.pdf"
"4aab8476277a0ca147d86dc3d014b696fa7a2371","0.4583","public/guides/economics_principles.pdf"
"fcfd266cfb9ec2da680a3da0fc3a7bfab7fc2a8a","0.4441","public/art/00_illustrations/of_rats_and_men.png"
"0fcda3ac3449e3cd9599bb755302e9fcd9c0191d","0.4438","public/art/05_color/acid_crest_labs_cover.png"
"66b292a249ce8a8d368bc48392cb28cf325de502","0.4438","public/art/10_black_and_white/rat_concept.png"
"3336e6571ea1abe1ef69b4f6b73d8ede81ba13ae","0.4404","public/art/time_travel_cat-34.png"
"be7c79f6862213571b93228db9d58ac43afac371","0.4404","public/art/time_travel_cat-70.png"
"4b5b8a8b91a51c1b82b4c0e6f3a347c421c23c22","0.4357","public/art/10_black_and_white/snuffler_s_bluff.png"
"5669e4ddc42b717214c1a5875712cdc402ac30f4","0.4229","public/art/10_black_and_white/wedding_ring.png"
"0a402da11229d2aae57380d88bf7a761eaad23e1","0.4128","public/art/time_travel_cat-71.png"
"680d17574a7ab005eb1bd3df9c4332cb65ad6494","0.4128","public/art/time_travel_cat-35.png"
"21f8057ce1839c8454681e0714745985b6af2e93","0.4068","public/art/time_travel_cat-28.png"
"f4e049ea9b0b5e3011b21b4b0beea600ed42836a","0.4068","public/art/time_travel_cat-63.png"
"bfaacd88928a82a95e37f1cc1177f2f11ca3fa1d","0.3775","public/fine_art_i_like/adam.jpg"
"a908838358873a9d29e1f31b40726e8ba0d70b2f","0.3749","public/fine_art_i_like/venus.jpg"
"717f02f3c698e4ad00bda4b3dbc8c85ffab2e720","0.3678","public/art/time_travel_cat-55.png"
"6ca795e841eb6275cab9100b3a9b2b321648fec0","0.3678","public/art/time_travel_cat-20.png"
"6d8bbe752cd36df3dabe5f4c75291ee7817a45b4","0.3597","public/art/10_black_and_white/metafight_menu_sprites.png"
"9d11ec3d8aa333f1146c31b88ea14bb5478b8157","0.358","public/art/time_travel_cat-32.png"
"cef0df358db5df05f7e5572eecb7000dbb477ad6","0.358","public/art/time_travel_cat-68.png"
"1ff85278a6b2dd44d79f98c3949cfbb37cbcd2f0","0.3562","public/fine_art_i_like/relaxing.jpg"
"f6ed103abdb71b2cb39967892702039b99ba4d97","0.3549","public/art/00_illustrations/momo_sgt_pepper.png"
"10591cf95272a4c9fec56952f1a5bb99954dd90e","0.3421","public/fine_art_i_like/gleaners.jpg"
"8b721b95fe1daedfaff4a9b261ddb8f464ee90f5","0.3401","public/fine_art_i_like/barbershop.jpg"
"78137dd2c696a40c099c3350edc6054d181b7913","0.3248","public/fine_art_i_like/tree.jpg"
"7bb48c750163c7ff31eb51c5079ad1bc614ffc91","0.3235","public/art/10_black_and_white/gaming_truck.png"
"0e1dc7f4911a3f8f76aea19c28a8b288be1f65ac","0.3204","public/art/10_black_and_white/ratman_models.png"
"d9abdbea023664c2ca5d5180cde485b3cdaf79f8","0.3188","public/art/10_black_and_white/metafight_lightning.png"
"7d9ea9bcbfa3a3d2e0321b2b0438b3b1e322b8de","0.3083","public/art/time_travel_cat-61.png"
"aa498888485787cc9593d6399c251174b6c1aed7","0.3083","public/art/time_travel_cat-26.png"
"bc6a42e736b7431716e6dc5ede3099500b1cf8c5","0.3043","public/fine_art_i_like/council.jpg"
"a1cedebf2ff4bcaf0eefbcead77ff07e77575f0f","0.2983","public/art/10_black_and_white/taylor.png"
"e5a9ca7f74b9dfa671842fb24ecabe3ff4693b4e","0.2828","public/fine_art_i_like/road.jpg"
"67e1fc0046a34c466b2a34059edd417cb89f9f2f","0.2816","public/universes_beyond_logos/bonus.png"
"6acbf112a9d7555a9601509904f25dc74a58a616","0.2809","public/fine_art_i_like/lettuce.jpg"
"ca3b097fa50217dd21d52f9779beb5e200c2f59c","0.2793","public/universes_beyond_logos/magic.png"
"481b9c5f03e517a3077481cae25ccfaf970a9c8c","0.2786","public/guides/networking_packed.pdf"
"c014cfb4fe5fa12812f0661da62c088e8b63a6c0","0.2761","public/fine_art_i_like/thumbnails/venus.webp"
"f3f80c62b50b53650f5ae74a3351e09eca3cd48d","0.2724","public/art/time_travel_cat-87.png"
"13e34007037dd5294a54fcf689476a79135161c1","0.2724","public/art/time_travel_cat-5.png"
"5048baf8168092355ab04231983ec659547318e5","0.2724","public/art/time_travel_cat-84.png"
"85f42473d52849998b15d0e8b3c356ea237baa5d","0.2666","public/videos/change_da_world.mp4"
"2b7d949281868599701401458ac5eb832ecd0308","0.2627","public/guide_covers/statistics_cover.jpg"
"ecb3832aba777fcb8d96bb1768e1e7edbef61f05","0.2493","public/fine_art_i_like/thumbnails/wave.webp"
"3474ad979918fa9de86cbbe0a0e13593f6db347e","0.2454","public/art/thumbnails/rocco_and_elena_post_time_travel.webp"
"65912c58fd7bc6eabd5e8140fef52ea8cd32c7cf","0.2451","public/art/thumbnails/3_check_in_final.webp"
"fe340bbd9b70591697fd51896afa9f03bafc36dc","0.2381","public/art/10_black_and_white/sharkman.png"
"ba1c23d8845d565038f3fc5c66f4e9ca9ebd8c0a","0.238","public/guides/physics_equations.pdf"
"56e817bdf892559796e35bdb212c64c10c67fd66","0.2375","public/art/time_travel_cat-14.png"
"555957eb4aa6de6742b3e03b88acedb06cd7a1d8","0.2375","public/art/time_travel_cat-48.png"
"ba9f7a0fb157d0a436ab456b1de63d451c7c66a6","0.2353","public/fine_art_i_like/sublime.png"
"a0dbde24910dbbb35e6203ae58e515a0347340df","0.2327","public/art/10_black_and_white/ratman_5.png"
"7cba5c292119b25b27916473247a13716467c69d","0.2307","public/guide_covers/economics_cover.png"
"5f1eb74c43be7c0789846f9d9f4718ade79acc6e","0.2281","public/fine_art_i_like/thumbnails/adam.webp"
"7593a8f122f1d2661fb1966a46abd05983f4a437","0.2247","public/universes_beyond_logos/elesh_morn.png"
"c88075b2fb3f2c818bc5a4941149646a3b278a0e","0.2147","public/fine_art_i_like/thumbnails/relaxing.webp"
"d969ec5b7db9a3fd5250ecb399d554c158b345f5","0.2133","public/guides/programming_languages_final_review.pdf"
"207efb7fc49a50e28a5e112fce4c8b95d2045003","0.2063","public/guides/software_engineering_midterm_review.pdf"
"806f4c7f28f2d1b94b21f9102f19a4c0f80d7fec","0.2022","public/fine_art_i_like/butter.jpg"
"b1a9ab5b03e5f7a287f69f17b7be19ed760100fd","0.2011","public/fine_art_i_like/thumbnails/barbershop.webp"
"61af6d3909303e0ef3f2ba837e9816282b0eb4ec","0.1959","public/guides/statistics_final_guide.pdf"
"e982f70f504fa75e8893f099aadd234aac72bd08","0.1934","public/art/10_black_and_white/court.png"
"cd17a86dceef135ab7ab35aad230fda453af4a35","0.1923","public/universes_beyond_logos/mariah.png"
"eb994a57a1908dd978c6a43ac8a69ec0ad0ce267","0.1914","public/universes_beyond_logos/metafight.png"
"2c1902ca8759a136b14c73d95ee0e9ecb0c0df0b","0.187","public/fine_art_i_like/thumbnails/tree.webp"
"c59f06e970a59310315b2f92f00a2694758dd977","0.1864","public/art/thumbnails/legally_blonde_movie_night.webp"
"2eb68aeace366c32e975c38b9ffb9272a28d2043","0.1853","public/fine_art_i_like/man.jpg"
"b2fbf6c7eb5de1d0fa484579177d70caf00c9dce","0.1837","public/fine_art_i_like/socrates.jpg"
"bebb3e98b021edc648ac34d5df54263912c8cf08","0.1833","public/fine_art_i_like/thumbnails/council.webp"
"f896c1b35bd8061d897a6deabb40bdfacf12b87a","0.1822","public/art/thumbnails/check_in_montage.webp"
"bfa3def487e5f7b86757ff29449d6c1cfeb268e0","0.1783","public/fine_art_i_like/thumbnails/gleaners.webp"
"0f7c5b045b008994bdcf280d3b65674bdfc629b7","0.1759","public/art/thumbnails/grand_halation.webp"
"5e77fde95ec3a5d9c7404fe0cc179235112466f4","0.1754","public/art/thumbnails/0_gar.webp"
"6f15637a77d3bafb9286a0f2a34cfc809760906a","0.1731","public/art/thumbnails/rocco_and_elena.webp"
"ba801097bded40f5d8a1b274eb21646d6fc868bc","0.1631","public/universes_beyond_logos/thumbnails/_earth.webp"
"02673798f1a3573607497613c607a274ba0482a6","0.1627","public/guide_covers/math_of_computer_science_cover.jpg"
"301021b077482e9e8bdaa0d7d9bfc023e3c753cf","0.1621","public/art/thumbnails/2_nap_final.webp"
"43ce7c0c2ee921c8a03cc2a72b1bc82800bf7f29","0.1579","public/guides/statistics_final_guide_packed.pdf"
"398801f62adc4e760187706b6ef2aa1fbbe6b2cf","0.1572","public/guides/machine_learning_midterm_1_study_guide.pdf"
"b9c5aa7e76f685405db726121f08308199f765cf","0.1561","public/guides/math_of_computer_science_test_1_note_sheet.pdf"
"4d500e23b1a82f265c5189d0b928a930b590ac97","0.1524","public/art/thumbnails/danitha.webp"
"a780a745fb2776fec9eb5ea490c0c63a969d3692","0.1524","public/fine_art_i_like/goldfish.jpg"
"57ad0f4461e6965dfb76285a989d0c2b5988de84","0.1512","public/universes_beyond_logos/hhhgregg.png"
"888fd1fbc59a2d21ac220527ac311f491a24a25d","0.1505","public/guides/human_computer_interaction_midterm_review.pdf"
"78d67e7a5602d7fc9e4197f8387524eef0bf9551","0.1476","public/fine_art_i_like/thumbnails/socrates.webp"
"e36445f0207122b6fe41d3b1353472441cceb60c","0.1454","public/fine_art_i_like/thumbnails/scrapers.webp"
"aff2a234eb108c70af2f5379d424703a5ec27399","0.1447","public/art/10_black_and_white/metafight_wisdom_chicken.png"
"96667022223ec1de108a71317dc09636a90a23a8","0.1447","public/art/10_black_and_white/metafight_unused_menu_sprites.png"
"98ae8898c5b6b40a3ef3d3a4fd0da345ad9cb738","0.1446","public/universes_beyond_logos/thumbnails/niall.webp"
"63f67194faaf60cdca6a7452f5d9cf008a521435","0.1431","public/guides/algorithms_midterm_two_guide.pdf"
"1ac90fb7d69102f9aa7e5c3ffd952badb6b8b459","0.1428","public/art/time_travel_cat-23.png"
"3e6c190402fc36244e76f246b9080162be9a445a","0.1428","public/art/time_travel_cat-58.png"
"5081c6153b1197f16e27e16b2ffb2a5a78fdb6c8","0.1408","public/guides/calc_iii_final_equation_sheet.pdf"
"0699c46b24b84005dff40306b22ff14d01aa6705","0.137","public/fine_art_i_like/godiva.jpg"
"a9092e0ff6eac5b89c5b657ee685b6a1793f98c3","0.1366","public/guides/machine_learning_algorithms.pdf"
"e4893b6cb9e99f7d8d08c16b93963c771f1a5fa6","0.1347","public/art/10_black_and_white/her_cooking.png"
"30c32827132d2132fdf97cbc6826bc76823fe3c0","0.1344","public/fine_art_i_like/woman.jpg"
"60bf6e65575add307b7830c0ce9c0c985955c287","0.1334","public/art/thumbnails/duolingo.webp"
"5c4c2e9d825733f9e7b45f8b7a8193ac53a72d08","0.1333","public/art/time_travel_cat-72.png"
"2435fbef65ac0109eb51fad65b981175fd3fc22a","0.1333","public/art/time_travel_cat-36.png"
"df22b4694262ad486859b4b04d5d84bbcd19ff89","0.1311","public/fine_art_i_like/thumbnails/monet.webp"
"cc542b770779cbfb4ac81f960efb2429bf183a71","0.1309","public/art/05_color/square.png"
"bb71883fdebc7314d2af30935992ffdb7cefe892","0.1283","public/fine_art_i_like/banjo.jpg"
"bd7c97a7ef3266c76c78a02223e1e850ce0722ca","0.1265","public/art/time_travel_cat-21.png"
"1679f9e7931fc61df104be39a5b687ffd8b5b59c","0.1263","public/universes_beyond_logos/minecraft.png"
"57ab782c36b65aca0a1f86df0e9910913b72cab0","0.1243","public/art/thumbnails/1_sunset_drive.webp"
"8b3f650e7b558cc1aff9fea20fd6475aa07fba72","0.1236","public/art/00_illustrations/valorant.png"
"b14bcc4f7c869845adbeee87477eea453bd4fb71","0.1231","public/fine_art_i_like/thumbnails/butter.webp"
"40c91b29c7481459e65d87970fb75f5501eaac05","0.1203","public/guides/computer_organization_note_sheet.pdf"
"6605c0744cf7e7f967f3491cac81bc1626804a5d","0.12","public/metafight/bonus_cards/003_8.png"
"4f1480638fcc978190f2108e1dab52f55b265890","0.119","public/universes_beyond_logos/cardmarket.png"
"1ead87dc4a969d4973371d9c29bae9de76047085","0.1181","public/art/time_travel_cat-56.png"
"ab67bdd18efe5228b3eb1aa113f1bbc0f943df75","0.1149","public/fine_art_i_like/scrapers.jpg"
"66528535792d91f4025a2d15feacd05c93bd51f6","0.1126","public/art/thumbnails/4_suplex_final.webp"
"2ea6510ebaf269f38627d644cfe804489a4203de","0.1117","public/art/time_travel_cat-78.png"
"3a431745b39bfcfd18c9cb969e1c799cf5cb4fed","0.1117","public/art/time_travel_cat-41.png"
"aae4202de476f6a123b3c5faa79c637ff2cb42e2","0.111","public/art/thumbnails/high_quality_hotline.webp"
"bbadbb28f4fa4fe6211f89d0e8d05a5373e333a6","0.111","public/fine_art_i_like/thumbnails/swing.webp"
"231d8b73840660153565b0f14bce25446ba69952","0.1098","public/art/thumbnails/high_quality_hotline.webp"
"3dac3d24a56c7f6fd7b654a7b916920d57feab93","0.1087","public/universes_beyond_logos/alien.png"
"7080552cafce1dd7b4b81ed4f4aa11c7af1a1e47","0.1053","public/fine_art_i_like/thumbnails/road.webp"
"a1bf56e7c37b8c85580a1ea2f13b51aee8e72db8","0.1052","public/guides/math_of_computer_science_test_2_note_sheet.pdf"
"2874c932e518a7849a1ff8be5f4e46cd869ea326","0.1009","public/fine_art_i_like/thumbnails/pearl.webp"
"964bab7165f14add988d2f4d934009abbf02130e","0.0993","public/metafight/000.png"
"1f9e7138d48f7b46a456b64a8ff7d5c5b6d6ffc1","0.0992","public/metafight/012_7.png"
"08c7c4345190abba620c3bf2b24e3bd5f3112075","0.0988","public/mtg/thumbnails/mariah_unknown_clone.webp"
"21172dcc76f8d221e74fa8bf331c368b42f2526a","0.0987","public/mtg/thumbnails/mariah_token_bonus.webp"
"8ada47845b8f9990b1f67c1d04a5dd7a0e80c98d","0.098","public/fine_art_i_like/thumbnails/man.webp"
"f0f651dac4101306fc69c3de0fc45ded53647d3d","0.0978","public/mtg/thumbnails/mariah_token_animator.webp"
"42c284a37d661844ffc619388f8cf5d6a2b781f5","0.0977","public/mtg/thumbnails/mariah_replacement.webp"
"49b42bfadb7ae9dfe71d70f10be6f093e9edea20","0.0973","public/mtg/thumbnails/mariah_ramp.webp"
"5e0be3a8933a93a553e536db580b8386d022d27c","0.0969","public/fine_art_i_like/thumbnails/goldfish.webp"
"69401f0c8fb25c3075092b59b5e9cf9e9b5751c5","0.0965","public/mtg/thumbnails/mariah_faithful.webp"
"70a34a7915e748b061195c371b6a4b450462c6db","0.0959","public/fine_art_i_like/thumbnails/godiva.webp"
"08871807765a9ebb1a9876425d2901147e7c9938","0.0956","public/art/10_black_and_white/cameraman_no_1.png"
"e1eda3663dbc01efa4248293e7fb79f9c435e2c7","0.0952","public/art/thumbnails/knights_of_the_grand_2.webp"
"4a426c994356c44a4dc62f23ced5862d48a01aa6","0.0945","public/mtg/thumbnails/mariah_token_sacrifice.webp"
"536ce4b2e6ea6253fc6b180e9f42b95cbc2011d3","0.0945","public/mtg/thumbnails/scryfall_random.webp"
"0b83e2e3c31d1dce0041b39eae235161dccf2837","0.0943","public/art/thumbnails/ratman_models.webp"
"d096ce32d1407540ce79e191a926a69289a67629","0.0926","public/mtg/thumbnails/mariah_control.webp"
"4c6dcbdfe4eb91af2c1d4eae1e17aab850331035","0.0923","public/guide_covers/physics_cover.jpg"
"10ea16363cb1f731ea92fc3f43df9cf177aae851","0.0922","public/mtg/thumbnails/mariah_basic.webp"
"e800ac8bd0b5f5c5395122c1a45f69f32bd6102f","0.0914","public/art/05_color/lola.png"
"48eb028b81d30e49d0419bb546a19b63033e1aa9","0.0914","public/mtg/thumbnails/scryfalls_random_tale.webp"
"82310ef9dd22c503bb1f9f848e7a2630c739bae7","0.0911","public/guides/statistics_final_equation_sheet.pdf"
"0ba576992c361f8a2d0400b6fe4e1ef32a278d4f","0.0911","public/fine_art_i_like/thumbnails/milkmaid.webp"
"4c8c539755178221eb5ab306ea6d2225af2a12b9","0.0908","public/fine_art_i_like/thumbnails/lisa.webp"
"d8116caf22f3b22322c0314c29cefb2a53aad876","0.0898","public/art/thumbnails/conversation.webp"
"2435cfce3b90543d63f77ec06d9018ff94d36b7b","0.0879","public/art/thumbnails/frog_genie_and_tess.webp"
"fe8d2302c285af5d37ffa10e297821c3c93717c8","0.0875","public/metafight/007_14.png"
"74e94245199e3a13e93ac697497ea904c7a02da6","0.087","public/metafight/000_12.png"
"5f4189e6d063922a9bb0555ec2b84519c5e1b6d7","0.0867","public/guides/math_of_computer_science_test_3_note_sheet.pdf"
"87750fa62efa54270b2334ec0f227503efa81965","0.0861","public/metafight/002_13.png"
"2a304e4fd2e6fc91f22e77e7a1390c1e870547fd","0.0858","public/fine_art_i_like/thumbnails/lettuce.webp"
"01b2e5dcc0578c996800b467406196e4b3631e0e","0.0855","public/metafight/000_15.png"
"41e039a21d47e048100df39898787e7c045b338d","0.0855","public/art/thumbnails/rocco_and_elena_post_time_travel.webp"
"3e04623a09436ae5f7664c6b72738b0cab923356","0.0837","public/metafight_banner.png"
"5761ab0314db02a10d32ee209d6ea2b10577f9a8","0.0835","public/metafight/006_12.png"
"bc9bb44974def9919053d7801ae0709614d30dba","0.0835","public/art/thumbnails/bartholomew_and_scranklet.webp"
"5426bb1259918fe959b8a514bcc562668b21d154","0.0823","public/art/20_high_quality_mixes/high_quality_hotline.png"
"24eb2fab8fe7121cae0ad5392fe295512e2ae2fb","0.0822","public/art/thumbnails/ratman_1.webp"
"ea7dff66fee3ff67f5391145300055e4f0868040","0.0818","public/fine_art_i_like/thumbnails/woman.webp"
"356820f1abedc90633b4a940007c9b78ea2c52ec","0.0807","public/fine_art_i_like/thumbnails/sublime.webp"
"ac9840b299c7f49b8972f009f31dd7a8df87e16b","0.08","public/metafight/003_7.png"
"d046675949a49fa74f6d17204a74664a49ae7f1d","0.0799","public/art/10_black_and_white/metafight_menu_art_bandage.png"
"cf4cec1a123389a854be0291fdabb2b5a5399dca","0.0796","public/fine_art_i_like/thumbnails/banjo.webp"
"9184918ae9bcd15031c37329d3725e993c2a18e8","0.0791","public/universes_beyond_logos/kpop.png"
"4453cda78fd5fec902157ed1b2750d7d8e02ff9e","0.0788","public/art/thumbnails/snuffler_s_bluff_ratman_at_sign.webp"
"20470bd55f5bb1770d7cebccef50ee72f3afaebf","0.0782","public/art/thumbnails/check_in_final.webp"
"9d9f4440cc84c79adc35a307030d21cc5a95eefd","0.0781","public/metafight/007_13.png"
"cd6cfb429558004a0861bbb6cd300b35d2620ef5","0.0776","public/mtg/thumbnails/corrupted_niall.webp"
"6120e80cdf51493a5bd6e65e3fe36231cc9ab6f1","0.0769","public/art/thumbnails/iced_tea.webp"
"11dcb54f43d519c1685eb1aae91cf521686e5829","0.0763","public/metafight/011_11.png"
"ee6b520444c397462f05985ce52ae6c47ad3afc8","0.075","public/metafight/other_artists/004_7.png"
"f2bcaf4eba74193cdd66923471dc097e2304d848","0.0747","public/mtg/thumbnails/misfire_arsenal.webp"
"5159df110dd173c7381bfdf73672286ba31290c9","0.0731","public/fine_art_i_like/thumbnails/happiest.webp"
"0eebd02e2dbe3dc8726279581291aa1226bdeafa","0.0725","public/metafight/thumbnails/bonus_1.webp"
"41bdd4879f7dd76b42ac635618266ed6f2110ac0","0.0723","public/metafight/014_10.png"
"da543e3db47a84a8f12ebf06ea06cc7cc0909b54","0.0721","public/art/time_travel_cat-7.png"
"6fb75464947a4da02dd247c3a964cfca4eefb8c1","0.0721","public/art/time_travel_cat-86.png"
"aee9cbe88de7638d860a9d8e2f4253224f04d45e","0.0721","public/art/time_travel_cat-91.png"
"2a2a9322ee9ecdd30a904949532f1e8cc90a74af","0.0719","public/mtg/thumbnails/biomechanical_alterations.webp"
"67bc4204e8eb84cc63771f93ecafbfa3ad4af7a0","0.0709","public/mtg/thumbnails/sacrificio_letal.webp"
"a753693ccf27b02f41610619967418edb96b2cbb","0.0707","public/mtg/thumbnails/lt_elliot_and_trooper_wagner.webp"
"cc3a6582462aa9d88cc13bed85b0ffca51c0790c","0.0706","public/metafight/009_10.png"
"fd8908f67053e1a9fc25ee280dcc313545fd8db6","0.0696","public/mtg/thumbnails/deer.webp"
"6960aa48b1b47ecbf4ce3e0942e6d6ffba7232e3","0.0692","public/metafight/011_10.png"
"9657bc2e475647ef2d7b0872e80904386a061230","0.069","public/art/thumbnails/siiva_4.webp"
"1f461f013771556ce5164547647b85c90dd18f74","0.0687","public/metafight/028_1.png"
"1393e771401a630eca8d88f78a7a61f54b0fac61","0.0684","public/art/time_travel_cat-59.png"
"6f42f9a24c30c0b623b47004d0d32fd6e295edaa","0.0684","public/art/time_travel_cat-24.png"
"a24b5a75329b33d0632408ed500d0b25e983e9b1","0.0683","public/metafight/008_11.png"
"8eddef0ab17cd448e6108fa13705a15e7c624894","0.0682","public/mtg/thumbnails/the_bone_zone.webp"
"36ce5b335ad65108eda5198f08be6aac246cda37","0.068","public/mtg/thumbnails/niall_with_sodium.webp"
"554025c15ef24ea276041749bfb22ef10fb80c40","0.0672","public/mtg/thumbnails/park_imperial_counselor.webp"
"3cd6a3cd05feb1848f929004c197b8b97dd8d100","0.0671","public/mtg/thumbnails/generous_gift.webp"
"5f8c440748633fbec53ecda80155a7a10a4b5797","0.0669","public/metafight/004_10.png"
"a9ce01a2b64ed4c9404a39e2bf03a68609f9e176","0.0664","public/mtg/thumbnails/falin_faceless_broker_life.webp"
"409f6e3e065af4c381f2b5bc1d4739e14db0d64c","0.066","public/mtg/thumbnails/suplex_reversal.webp"
"639be9c6dc8feec2ccab51eadc21762b34497bec","0.0658","public/mtg/thumbnails/elesh_morn_sleepyhead.webp"
"1d0ff348977ea0852c7ddaccb8e13f83917731d1","0.0657","public/metafight/010_7.png"
"58eae031198bbb57ca95e969edbd21f0fc201ba8","0.0657","public/metafight/028_2.png"
"6040e7375e19b461fb2355af13eb7504f4723e41","0.0654","public/metafight/006.png"
"0bf3fb6b766996c3552aa962419f309645e3e309","0.0651","public/metafight/021_4.png"
"34349dd528fef193773611a658c7b25398f1bbb6","0.0651","public/art/thumbnails/time_travel_cat.webp"
"9a6c527e4b8e387a4b75213d862c1c6953070886","0.0649","public/metafight/020_6.png"
"eaf684c06cb3912ee5a440bbcb9458840f635e11","0.0645","public/metafight/022.png"
"ec00b3e325f996136307668c14fd7442972016c5","0.0645","public/metafight/005_12.png"
"732f7cc69b61dea512c951f920e10190049461db","0.0644","public/metafight/045.png"
"de67ba71275457717b5c8c4233c2cc414426d1d5","0.064","public/mtg/thumbnails/that_elevator_button.webp"
"daeb14f486bdfc628a0b0443bcc9b88200e24ce2","0.064","public/mtg/thumbnails/shooting_fish_in_a_barrel.webp"
"a291a1340470ee3586f9f39df856ac7d945db607","0.0638","public/art/thumbnails/of_rats_and_men.webp"
"2f173932659d64f0e77197e75d433cbc28d39b8e","0.0636","public/mtg/thumbnails/jen_in_air.webp"
"f4d7dc6b71ebc8e4eb14e7b6a85941c8aa144ee4","0.0636","public/metafight/029_2.png"
"2da0a39e65b8a0294eb0f7f67a1ebab3d0062b74","0.0634","public/metafight/000_11.png"
"873e58c51ea4e356caca063a67baf07e6eb4bcfb","0.0634","public/metafight/bonus_cards/045_1.png"
"b617500b2e00f3be47e995af6be9703dcedcfbdf","0.0631","public/mtg/thumbnails/seri_joybringer.webp"
"f0c60bec91f38c40379ce1344cc4df532816c38d","0.0627","public/metafight/017_5.png"
"3a66038288d465d75a1d3716aacebbf1d2b75a81","0.0626","public/art/thumbnails/metafight_wisdom_chicken.webp"
"17f16cd217cce2564dbaa8b16a8c16345c228c14","0.0624","public/mtg/thumbnails/alex_airplane_devourer.webp"
"d6e08626b4ed6f2e18e553040d2277cbaacb1348","0.0622","public/fine_art_i_like/thumbnails/mondrian.webp"
"599bc6254ac2c1f0eae06fd8f49dc278e0a6f9bd","0.062","public/metafight/007_16.png"
"4d8dbdc34e1c26d04af1a755bd66e01675dd4c19","0.062","public/mtg/thumbnails/joseph_traveling_merchant.webp"
"2619ebeeda05df0db0a92aa49518f417bf024bb0","0.0619","public/mtg/thumbnails/one_punch_man.webp"
"3f966276e6e46405f35ba5c4834dabf9e144cf6f","0.0617","public/metafight/010_10.png"
"d87ed8dd1b72dcbaf8f8a4934bcc739bd101ad9a","0.0615","public/metafight/020_8.png"
"a07f0ccc0f8e1300e1e5ffbc4f1f66c53874ba81","0.0611","public/mtg/thumbnails/artificial_vendetta.webp"
"a13fb07b5265d64aac69f21cb525864bbf705356","0.061","public/mtg/thumbnails/One"
"9353035e559188aaf5e65888fc7a549d6a8a8a68","0.0609","public/art/thumbnails/valorant.webp"
"a05985757ef74011af7483106c13aa142bc8a2ca","0.0609","public/metafight/014_11.png"
"987908b375fe2146f9413256e42bee9a10d221a1","0.0606","public/metafight/012_10.png"
"50fbe3b0d6ed8e7ecfef38e2f1da46d7da5ff5da","0.0605","public/mtg/thumbnails/scryfall_random.webp"
"15e3811d02de8f2c85952052eed497fc612856b7","0.0604","public/metafight/007_17.png"
"b50ccff12c996d6774011f180aeb5657ca1d9123","0.0604","public/mtg/thumbnails/run_them_back.webp"
"c89bd0dbbdc534277b5380044b086c04cbed7063","0.0603","public/mtg/thumbnails/break_into_a_windows_users_house.webp"
"7ad923d1db3b28720612a24f21a28fcbae5b7580","0.0602","public/mtg/thumbnails/show_recruitment.webp"
"28edc7ac5a853f61fd2664364f16784ff146d25e","0.0601","public/mtg/thumbnails/scott_the_astromancer.webp"
"b5f4586da4e130a74b11b2c5719148cbf889a8f3","0.0601","public/mtg/thumbnails/containment_breach.webp"
"38343f82aa12b411667ab54e5755d9ab4bbd8c6e","0.0601","public/mtg/thumbnails/scott_the_astromancer.webp"
"25f7ebe221074b1f9c16b760248cc2d720b4137d","0.06","public/mtg/thumbnails/beat_rice.webp"
"3133982fcc7eb5d06cc6edb30bafb686bb443f3c","0.0598","public/mtg/thumbnails/effective_lure.webp"
"83090bc8a2d11ca6521122dcd7d3525323870807","0.0597","public/art/time_travel_cat-60.png"
"973240c406cba40751ae4229a4c85b70f57f7905","0.0597","public/art/time_travel_cat-25.png"
"cf944ea4e60df56409ddf3c145df402ce8877e13","0.0596","public/metafight/021_8.png"
"144583f14a7116a1ec2911abde6615f8b19f0235","0.0596","public/mtg/thumbnails/the_player.webp"
"404a32d2ccfe173f860c9d55d6d77f622de77247","0.0596","public/art/thumbnails/metafight_bone_zone_master.webp"
"a0c391796c2c016bb00ef496fecb207cfcb3a324","0.0594","public/mtg/thumbnails/the_player.webp"
"405881d75d584f9d31c2bc4ff17a72354818f7a2","0.0593","public/mtg/thumbnails/the_liaison.webp"
"f4e2729cd46680d535034d54c35dfb1519421327","0.0593","public/mtg/thumbnails/joining_the_circus.webp"
"162f929befc988e0c51cfd7004123f94bbae9050","0.0591","public/mtg/thumbnails/chronokinesis.webp"
"38a907fa8f00eef57c1919b9a1dec154feb2a3b3","0.059","public/mtg/thumbnails/artificial_vendetta.webp"
"ec0a0161419f67f8873b5116a9b42c4b3f264144","0.059","public/mtg/thumbnails/beast_seeker.webp"
"b66dc960dd0ba581f31c2781d03ab9828ca15fc4","0.059","public/mtg/thumbnails/swamp_swamped_by_swans.webp"
"4afd8a4a17170a58089bc30fb6248d401aee4c35","0.0588","public/mtg/thumbnails/kazuha_legion_devourer.webp"
"265107f4e2cc200b07ae37094cd1bdedc9ffa280","0.0586","public/mtg/thumbnails/Nayeon,"
"dc336ed5e38afe004508430ee6df830141e5df23","0.0583","public/mtg/thumbnails/Jihyo,"
"cfa334c0f2fa0c82ae27941ff34902ba55f12c08","0.0583","public/mtg/thumbnails/lead_member.webp"
"37188958a80d3f2017f10bdf8545d323aa35db50","0.0582","public/mtg/thumbnails/Seung-Yeon,"
"f838d80f4276ce3fe719251073000cae48b661d7","0.0582","public/mtg/thumbnails/moonbyul_synchronized_plotter.webp"
"1ed4406529acf20e4145350f42f7f8f578a06d62","0.0582","public/mtg/thumbnails/trailhead.webp"
"6104f9924f328ea9c77c3251ed3324330d2f4ba6","0.0581","public/metafight/033_1.png"
"a240c53069fa80abf72ba53e32027a5cdf86df22","0.0579","public/mtg/thumbnails/excessive_tax.webp"
"895d1df3f84a2bfd03fc9867304fe67fc0fd157e","0.0578","public/mtg/thumbnails/joining_the_circus.webp"
"d8012770ccab9e09b9690242f8f488306d2ebc5c","0.0577","public/mtg/thumbnails/almond_and_milk_enjoyers.webp"
"f5cee0c6c0b7a68c3c5f69a6ea58fd0946e7d04f","0.0577","public/mtg/thumbnails/Mina,"
"e75693d8aafc1509f9a0a4b6a35a99e471a0c9e1","0.0576","public/mtg/thumbnails/Jisoo,"
"3c32f6260e500406cdf17c5733bb0d638a07d8df","0.0576","public/mtg/thumbnails/mango_multiversal_constant.webp"
"47e7ea071027190c997e73bdeb86fb416d68ce10","0.0576","public/mtg/thumbnails/uscss_nostromo.webp"
"6c5541e7e7e8ded1575c03055e0d44ecf323d1ce","0.0576","public/mtg/thumbnails/Momo,"
"911c22a22593e6350ba7a6f672a0a3dadfee290d","0.0576","public/mtg/thumbnails/relic_nabber.webp"
"acb67f20006adeb6364e64b6cdb2c26457808958","0.0576","public/mtg/thumbnails/group_hike.webp"
"c99cfbe88900bd7d10f530c1b91aabe39d27b435","0.0575","public/mtg/thumbnails/group_hike.webp"
"f15fcb67b2d97ebe34a5c6b29ae1b505c9c4f971","0.0574","public/mtg/thumbnails/the_beheaded.webp"
"24af557cabc1b9fd85dc436358ffa5384cfc097b","0.0574","public/mtg/thumbnails/Tzuyu,"
"731cebd58cb22b2ed38cbecba6176ebb90841d9e","0.0573","public/mtg/thumbnails/bountiful_season.webp"
"d2954a22f7ebdd6012c52070f49286141ce22d0d","0.0573","public/mtg/thumbnails/chain_of_waves.webp"
"b0f0ffbc57595ed5820ba57075816879d1f15eed","0.0572","public/mtg/thumbnails/senator_steven_armstrong.webp"
"949d2ad9a9f9c1f94043d1460aa63824fb788a6e","0.0571","public/mtg/thumbnails/date_at_henry_cowell_national_park.webp"
"d2edf3bfec7c4456161251bfe994200341613796","0.0571","public/mtg/thumbnails/raid_the_kmart.webp"
"23e57bde33badac71d65edb2c39940f5c461e777","0.0571","public/mtg/thumbnails/plot_armor.webp"
"c7ff60c2715319e0f880a53d9508f5ac8a743418","0.0571","public/mtg/thumbnails/ros_flag_bearer.webp"
"ee9576395053f46da5f7fc4d6f045cb38793eab7","0.0571","public/mtg/thumbnails/jeongyeon_comeback_frontrunner.webp"
"e378dc910527d83ca60d396adf5f1ef86caf7877","0.0571","public/mtg/thumbnails/Moonbyul,"
"c163b7de7ef9f0f97eb956ba43c889730c52c983","0.0571","public/metafight/009_11.png"
"8f89841e59c7e3f9c9679136cc5cda72d41b0b61","0.0569","public/mtg/thumbnails/five_guys.webp"
"90b04b5044e1db9cb6b2965213666ecde20915e6","0.0569","public/mtg/thumbnails/five_guys.webp"
"6a0a8f8a9693cd4999631b4eb05a22f6f7f99de7","0.0569","public/mtg/thumbnails/lieutenant_ellen_ripley.webp"
"42c741e5eff61d8119c9fd8b50a5e6984e842f80","0.0568","public/mtg/thumbnails/chain_of_waves.webp"
"1bf44ab34345303cbef002c3badeaa4171a2f571","0.0568","public/mtg/thumbnails/momo_master_choreographer.webp"
"d400c812cd53efd2e1eb4a74039f75e96f11d88c","0.0568","public/mtg/thumbnails/apoapsis_crawler.webp"
"ca8d1574b0bd4d934327144520ad5299a6b2c3ff","0.0567","public/mtg/thumbnails/Jeongyeon,"
"54763ff6da68b862469dd04126a657d90f7f77de","0.0566","public/mtg/thumbnails/incheon_international_airport.webp"
"3a76e0551febd9db38a3625aeb18af99882beba9","0.0566","public/mtg/thumbnails/elesh_morn_sleepyhead_back_well_done_invasion.webp"
"624b9d5e109d11c4a938823bcc8510a575f7becc","0.0566","public/mtg/thumbnails/uscss_nostromo.webp"
"2bc9d03072b9302f9ac1d0d3f42d65a64e6929ac","0.0566","public/mtg/thumbnails/heedo_twentyfive.webp"
"2542fa1bcba11c1e2b2073a5d7ac59135a8fc56c","0.0565","public/mtg/thumbnails/jisoo_convincing_liaison.webp"
"5018c3ba8d91fb0965bc4d75aa9531e73348a856","0.0564","public/metafight/dinner0.png"
"4adc36a4ad0c838c99214efd437a6acab6159d49","0.0564","public/mtg/thumbnails/niall_relentless_ranger.webp"
"5a20b8be3b46c1bb45e8a1287344b133fd1cfd27","0.0563","public/art/thumbnails/laura_sketches.webp"
"abafc4e1185d834fcf55b7ce96c4ed91f363ae09","0.0563","public/mtg/thumbnails/joseph_traveling_merchant.webp"
"490cc8db385059f647af27d1069f47873878253c","0.0563","public/metafight/006_10.png"
"b5356d4958f93d9c22d3bf5966e19be928af5f17","0.0563","public/mtg/thumbnails/date_in_the_future.webp"
"afc15fa016d049a18bae9a1a545d9c81af9ff117","0.0562","public/metafight/015.png"
"2633f762a8ade7fecf3ad7f2d7c1eb760f496719","0.0562","public/mtg/thumbnails/emergency_meeting_version_2.webp"
"aa029b045f5313dff8d67a6e72651b46e225f2c5","0.0561","public/art/thumbnails/meowna_lisa.webp"
"c24ace39d4e480d80b34ba588d55a1d4f1bfc846","0.0561","public/mtg/thumbnails/burnice.webp"
"a70ab81f2e4f1906629091a695c89ad9793f66bc","0.0561","public/art/thumbnails/momo_sgt_pepper.webp"
"a12e6d2b5b58cfc7201300d30894b0e1d9ebdbde","0.0561","public/mtg/thumbnails/rose_flag_bearer.webp"
"d301b5c63ae5834371d51900d0c5d76f8e1b472f","0.056","public/mtg/thumbnails/beast_seeker.webp"
"4bc032c7742b22f2a592251953beffe97ae14663","0.0559","public/metafight/016_14.png"
"a7f34913daf496cb8d332b191bf55806e68b9d54","0.0559","public/metafight/thumbnails/000_12.webp"
"562b41dff04dacb611533ed6b3eea3c2adc25b35","0.0558","public/mtg/thumbnails/giselle_feisty_lyricist.webp"
"55dab44aeee53ef2f671bf3b877a6b14941c0b4d","0.0558","public/mtg/thumbnails/giselle_feisty_lyricist.webp"
"7768be7e909fbfcaa154238acb93b1b0aa3de6cd","0.0558","public/mtg/thumbnails/road_trip_to_yosemite.webp"
"bc5a6d7b41f8ad20df8d15d4843c5e6ef3854230","0.0557","public/metafight/007_4.png"
"8913bf0df1d29cf7e22a57cc5d537c7fe2a3ce01","0.0556","public/mtg/thumbnails/wendy_honored_to_lead.webp"
"5c95ca7d4bce8aa667ff0de75f40da00cc8015f0","0.0556","public/mtg/thumbnails/bishop_artificial_person.webp"
"e2e8568eeef0850c2b893f0054ce928aa03b2cbe","0.0556","public/art/thumbnails/slate_sketches.webp"
"067ef44f2e8bf9c195c72c315bc5aa6e1f1ff078","0.0556","public/mtg/thumbnails/joy_cheerful_vacationer.webp"
"57b779ba14fff9ac2c76871cd46af29a3a77173f","0.0555","public/mtg/thumbnails/Chaeyoung,"
"4b883ccb988e1ecaf06951a63e2ffb184c7d7568","0.0555","public/mtg/thumbnails/the_test.webp"
"8a98b3d846118f9d6da8d2697e2cad26d18ee551","0.0554","public/mtg/thumbnails/park_ranger.webp"
"939133f5bcaa213f79e8ce0426ab5366760b4fea","0.0554","public/mtg/thumbnails/mina_grave_recruiter.webp"
"5ee0772fda975e389d554744274adcaa4ecda5c0","0.0553","public/mtg/thumbnails/usps_delivery_truck.webp"
"15e36af9ec076da5715880d9e8370733b8e0b579","0.0552","public/mtg/thumbnails/winter_seasonal_balladeer.webp"
"ea9e8256787ffa660f3917b545039657c9ec49ce","0.0551","public/mtg/thumbnails/seulgi_risk_taker.webp"
"3c956fd2d85afdd8d220963d4cab17bdcb5fefd3","0.055","public/mtg/thumbnails/parasitic_attachment.webp"
"9e2cda822e117da6283f2325bf6d96e36a99060a","0.0549","public/mtg/thumbnails/hatsune_miku_digital_idol.webp"
"beb40d3dee3ca1bfd22ac6fc521f0fdc35dc826d","0.0548","public/mtg/thumbnails/ring_fit_session.webp"
"82cd7df3843ca3b53c54f0cd09a07e7eca1ea40e","0.0547","public/mtg/thumbnails/the_debut.webp"
"76b1d6fe306afef94c814a14f9bd5d1f256312b9","0.0547","public/mtg/thumbnails/Sana,"
"088bf598b71ea3c75e77858066371a461e892d90","0.0545","public/mtg/thumbnails/alex.webp"
"13798db2acdb01db3cad83dc4037da1f126e8d57","0.0545","public/mtg/thumbnails/getting_chased.webp"
"5b5ba1bb8cdf39161ff5ae346bc8cdc50f135a59","0.0545","public/art/thumbnails/elesh_morn.webp"
"8a4d5830dbf97db5ec01da230cd3e91a7bf9c519","0.0545","public/mtg/thumbnails/dracula.webp"
"b7aa5647e965926405f667e6daa27f0613eb23f3","0.0544","public/mtg/thumbnails/seungyeon_friend_of_many.webp"
"e3dfe7b54111d36c7d92dd860e18597ae4562e26","0.0542","public/metafight/005_16.png"
"a51647a31f871d958a251289d1195a56f1809583","0.054","public/mtg/thumbnails/jihyo_trendsetter.webp"
"3b4483b6bcae73b6b134174d6d0f7d2ddae466ef","0.054","public/metafight/022_6.png"
"e35a11dfd5eef8f0a753e0a67093ad0eee45b859","0.0539","public/mtg/thumbnails/tzuyu_songwriter_extraordinaire.webp"
"1322b1e44a496529584d8cf42165d2fbb4a387f0","0.0538","public/mtg/thumbnails/jennie_feared_lyricist.webp"
"11505483c69b35887f76ca852cf8f91eec86366b","0.0538","public/art/thumbnails/legally_blonde_movie_night.webp"
"d46a857321a9f2b09519565fbc48553373ead09f","0.0538","public/mtg/thumbnails/karina_grounded_leader.webp"
"1b4b0c82e426ad8ec2d7f6e7820fe30aa40ad6f0","0.0537","public/metafight/034.png"
"c3db033a2c1c366ba43780fddce34e16aa2a68dc","0.0537","public/mtg/thumbnails/mariah_unknown_clone.webp"
"6ae62ec627184f8e462d36c77f19753a3056b1df","0.0536","public/mtg/thumbnails/chaeyoung_inspirer_of_the_masses.webp"
"cdf44e2da68550d15a8638feb4beab099ee110ff","0.0535","public/mtg/thumbnails/getting_chased.webp"
"8dea340195454c732f58fe11a3bec98deb5589e5","0.0535","public/metafight/001_4.png"
"93bc5c05c4696d234218d5afa4750a86f6441a4c","0.0535","public/mtg/thumbnails/alex.webp"
"411d9ff2d058af631e6fbd65b9f3c5ba6ca56356","0.0534","public/mtg/thumbnails/irene_chaos_visionary.webp"
"e651cc5e521c8c8e1af6a1e238e8de645d520a16","0.0533","public/mtg/thumbnails/chaewon.webp"
"b594aedfda2261e26c01566a26e43019da65288d","0.0533","public/mtg/thumbnails/journey_through_the_subconscious.webp"
"5c28b6498d9e9821a4ba6eb6842f0ced36d8bba8","0.0533","public/mtg/thumbnails/power_loader.webp"
"d3419a4da0551d2bf1d98fd3638d5e74809e1c47","0.0532","public/mtg/thumbnails/behold_the_kpocalypse.webp"
"c3f5d76455878a320abe1f8f145f7efbb52b04e1","0.0532","public/mtg/thumbnails/forecasting_love_and_weather.webp"
"d15c642689baed2eac7cb599da6e5d44edbb9b95","0.0532","public/mtg/thumbnails/nayeon_peacekeeper.webp"
"40b08b45df422e2980339322076f22858b47891a","0.0532","public/mtg/thumbnails/sleeper_monument.webp"
"4f16b4fd5f673bfcb1172e784b472856b40f6570","0.0531","public/mtg/thumbnails/romantic_confession.webp"
"096734db8b798f9b8737ba34cb8a7feb28466b4a","0.0531","public/mtg/thumbnails/david_life_of_the_party.webp"
"48d535d52beb67d8f11b5f0d549814349d3ba9d0","0.0531","public/mtg/thumbnails/david_life_of_the_party.webp"
"599c42a4205a35ad2dae6c197cc69f0ec6bdb1ad","0.053","public/mtg/thumbnails/yosemite_national_park.webp"
"7afd451cdb606e98d9d6cdd1085a9176e7271b6c","0.053","public/mtg/thumbnails/mariah_token_bonus.webp"
"0db550e5097a4577003ec803ab7a40f77cfcbb08","0.0529","public/mtg/thumbnails/high_sea_mutineers.webp"
"414a6198b6da4412380e84dd7286533fd4373577","0.0529","public/mtg/thumbnails/another_recurring_nightmare.webp"
"cfb06ecd576b48ef343a98314818f84fb4393f7c","0.0529","public/mtg/thumbnails/mariah_token_animator.webp"
"de1a8804410db1d581c6b8c682aaad318adeb135","0.0528","public/mtg/thumbnails/sana_leader_of_legions.webp"
"148f2f4a04d7094f048903b61ed804ab672f880b","0.0528","public/mtg/thumbnails/high_sea_mutineers.webp"
"d1d3edae9fd349abb0ceb10122345fadf3d171db","0.0527","public/mtg/thumbnails/mariah_replacement.webp"
"76610b2616b910670cf560b91b4c5240c97b8799","0.0527","public/mtg/thumbnails/atomic_separator.webp"
"9571acbc850e52fbccbcf3751b025fcbde2536c4","0.0527","public/mtg/thumbnails/Jennie,"
"48e6c09a7bd16b473e85a70e6c18fd815b73eaf8","0.0526","public/mtg/thumbnails/that_elevator_button_original.webp"
"16f4fbc0404602436d9cca08557d04e68070559c","0.0525","public/mtg/thumbnails/christmas_in_march.webp"
"23d1937fcf5b5e1a10ead27f68188e20b90aced5","0.0525","public/mtg/thumbnails/surreal.webp"
"e91069c16aefe9b14e52c6286bcf0d17a93cddc0","0.0524","public/mtg/thumbnails/magnetron.webp"
"29c661413471fb40ec02097ea505c5f1685cfd71","0.0524","public/mtg/thumbnails/atomic_separator.webp"
"f46771244b0949440b53d424f65cbcc6692b4160","0.0524","public/mtg/thumbnails/christmas_in_july.webp"
"519bb63932d6d36553632f321bf5d0b88b614fac","0.0524","public/mtg/thumbnails/first_snow.webp"
"eef88ce4e053394b3eb41d0afd445a4934764036","0.0523","public/mtg/thumbnails/Irene,"
"2d4e1a30b1d4df65205fd41130e85f24f6ec3728","0.0522","public/mtg/thumbnails/emart.webp"
"667bc71b9057cb585c1503bfb2ae05acd966caf1","0.0522","public/mtg/thumbnails/mariah_ramp.webp"
"6459f00921d506be32d90950cdeff174c23835a8","0.0521","public/metafight/016_7.png"
"e1c0491828a07bea4c7403c0bb3fb13d73af2030","0.0521","public/metafight/001_10.png"
"bd2be7b1dd50d6de6b1f4fc422ed1ad0a6bc6e47","0.0521","public/mtg/thumbnails/niall_enthused_explorer.webp"
"2fa3f2838d230d972b64505bbb1c736350d83261","0.0521","public/mtg/thumbnails/becca_baker_extraordinaire.webp"
"00e4c74258c7d7fad0662a6da499da449af45bd0","0.052","public/mtg/thumbnails/the_chainsaw_man.webp"
"116cfff868145cf9eb244ceb4591bd32280d1c89","0.0519","public/mtg/thumbnails/berate.webp"
"07151c1be0e6bad66a3201e7af90f46a40fc1bac","0.0519","public/mtg/thumbnails/behold_the_kpocalypse.webp"
"bd730c7dcfa3244717ff5cbeddc3632be0a671bb","0.0519","public/metafight/014_4.png"
"d0d42b49e862e3d458bc04598eb6d41c2ffbc46b","0.0518","public/mtg/thumbnails/recall_obelisk.webp"
"65287419c5af86191fbe0a388ac384199c02e5c5","0.0518","public/mtg/thumbnails/steve.webp"
"386feaad3441330aa62959ff6eab2bc13a974581","0.0518","public/mtg/thumbnails/hanging_chad.webp"
"a4d62b8bafee4aaeceab12ad65ac9511f85de8a2","0.0517","public/mtg/thumbnails/mariah_faithful.webp"
"2218a96ed273ca0082532273d321532bf85e9be0","0.0515","public/mtg/thumbnails/date_at_frys_electronics.webp"
"6aabb059b71292333a80cfad8b71c3c1d584c5f2","0.0515","public/mtg/thumbnails/road_trip_to_yosemite_back_yosemite_national_park.webp"
"b2cc4848a18dafa274ce4f2f1ddab969794fc70f","0.0514","public/mtg/thumbnails/emart.webp"
"3f2c29eba3a70b92629ed8a6b7f92557b60379a3","0.0514","public/mtg/thumbnails/V1.webp"
"5c53640ee3bdae02bbbbe7e09d732a2ce13ba519","0.0514","public/mtg/thumbnails/Hwasa,"
"f65451033887dfe36cf6ff1ac97988b1235df0bc","0.0514","public/mtg/thumbnails/smokey_cinder_cone.webp"
"9e8c545d0bcba95dc094c3e658735e2ded218fed","0.0514","public/mtg/thumbnails/time_to_farm.webp"
"53ec19cb647d3682734c01a93c67c567d178e997","0.0513","public/mtg/thumbnails/falling.webp"
"6227a95907b8c7faa82f5d94a89af2c88729f9e9","0.0512","public/mtg/thumbnails/philosophy.webp"
"08bcebb52948ce82b5938e66aa1b8a7e0cc638f5","0.0512","public/metafight/thumbnails/002_13.webp"
"7701caabfc6a68a6ea732b668fa89d56be98f8cf","0.0512","public/mtg/thumbnails/heist_the_louvre.webp"
"4768c489049bcfea5ebbfde2ca6b60d91872a42e","0.0512","public/metafight/026_7.png"
"ea3b4da09eb031303d8c1b7b370f193c702d0017","0.0511","public/mtg/thumbnails/copier_machine.webp"
"1250222239bf55dc64f272ee9f2b9278e27870bd","0.0511","public/mtg/thumbnails/fax_machine.webp"
"82bf10205b423c1ffdcd97386ad8c4d00056949c","0.0511","public/metafight/001_12.png"
"910e2bce7a28dd3a342509a3ab0cb14beec7e142","0.051","public/metafight/007_7.png"
"b4141dfa0fa7cfb30daf99eabe63ded991fefacb","0.051","public/mtg/thumbnails/nialls_jeep.webp"
"be609cb1ff56594341a2a0a66a96ecb276e04167","0.051","public/art/thumbnails/godot_sketches.webp"
"1cdaad9bf98a42043f0d3c3eca82377a616c2c56","0.051","public/metafight/020_11.png"
"14b4d21160e302f1a16c4e0e65ab4531ba6a67f2","0.0509","public/mtg/thumbnails/recruitment_spree.webp"
"d117ce81a40e9ee815dcd9bc9cefc55439b3983e","0.0509","public/mtg/thumbnails/steve.webp"
"b53763597c2bc6e15042398cc5388d9553b3479e","0.0509","public/metafight/thumbnails/006_12.webp"
"d1e1582f7b92f3635ba185526ca9cb8f4aee0f93","0.0506","public/mtg/thumbnails/enchantment_table.webp"
"8a8cafdcf453d08ccf484e937219ef8c1789d218","0.0505","public/mtg/thumbnails/the_xenomorph.webp"
"8791495c8b6bb945e04ad2717457c5c8b194d839","0.0505","public/metafight/007_2.png"
"aff9d00db8f7a785803bf3795c6a49ffd9d0d9ed","0.0505","public/mtg/thumbnails/the_guide_nialls_invention.webp"
"e61b64b8c05487fd30b1260503ae674fe9b813d0","0.0504","public/mtg/thumbnails/yeri_guiding_force.webp"
"7f298cb7368b2c5a7191a6f41ea44a49fdbb04e4","0.0504","public/metafight/dinner1.png"
"8fee075fb2a8c9b020ea3bc33716dc3e26367664","0.0503","public/metafight/004_11.png"
"501f36e65467d7f1d8f0932ad66743b378bcac51","0.0503","public/mtg/thumbnails/repurpose_the_surplus.webp"
"afd5e77b31a8f123d9c2564e844708686f5baeb8","0.0502","public/metafight/016_13.png"
"8897781bd4666e11d667d91ee15d71fb3cda84e2","0.05","public/mtg/thumbnails/hwasa_peoples_advocate.webp"
"472cbc34d09a05478e01a40579f5d427eaed8de5","0.05","public/metafight/008_10.png"
"d7ca9f6018446d1fb6a02252250a5e1555786988","0.0499","public/mtg/thumbnails/mariah_token_sacrifice.webp"
"9e907131fef40ead95985d2b655a92a9b5f95644","0.0499","public/metafight/005_8.png"
"d9ed312dc8636ef3e8d6e9ab5919eba84571f394","0.0499","public/mtg/thumbnails/go_to_ihop.webp"
"0b05a7b5fa0e7da97d7e1ac7d4d445ad7c60d292","0.0499","public/metafight/020_5.png"
"123ec56105901353fd087d3a78266a0726362e7c","0.0497","public/mtg/thumbnails/hari_expert_chef.webp"
"7d178479fb7d26b5f3e67ba2d8fd812eb0d0bf66","0.0497","public/mtg/thumbnails/Solar,"
"1ab549b4b631a56976e9559b88d0b4ee37df33fd","0.0496","public/art/thumbnails/grand_halation.webp"
"ac7defba0940a111a9739756f41da48dc5a5c9d5","0.0496","public/mtg/thumbnails/vending_machine.webp"
"1a7715990dcce3c9113cb6817024a153f53f3709","0.0495","public/mtg/thumbnails/hwasa_peoples_advocate.webp"
"d34ba19a2e83e4e6eb46d1beb7fbd57042be9c2e","0.0494","public/mtg/thumbnails/feast_of_a_lifetime.webp"
"85e95228bbdf1c01e1b8d12779e3df11937d9ea4","0.0494","public/mtg/thumbnails/enchantment_table.webp"
"170eb84188ef008188e8c564a134246004cc2098","0.0494","public/mtg/thumbnails/nayeon_frontier_forager.webp"
"90254349800c9d732ce71800b9a58118a047a8f0","0.0494","public/mtg/thumbnails/adventure.webp"
"f2530491bd61cfc8a92538d377aeb9a1e024a5b4","0.0494","public/mtg/thumbnails/sakura.webp"
"5218877dd6ef0cb07d80b1b729d36b0a1907bdb9","0.0494","public/metafight/003_12.png"
"a53a3c265ef5eaef9c8501a2d0e0e8732451db32","0.0493","public/mtg/thumbnails/Yeri,"
"3f59064a38aba3d6e00f1171cbb9117e6b5ede5b","0.0493","public/mtg/thumbnails/taeyeon_venue_packer.webp"
"4605db9ddec58e96379c85298980c8adf3d1df87","0.0493","public/mtg/thumbnails/eunchae.webp"
"c8f2dd9ed660acf35e7fdbe45a41f266c884fddd","0.0493","public/mtg/thumbnails/wheein_quiet_usurper.webp"
"694458f1dde9ce5e8e5e9a328e8fab5762a026ee","0.0492","public/mtg/thumbnails/matching_outfit.webp"
"2fcd38d920c783a0e7fa36828ca49b03fa676269","0.0491","public/mtg/thumbnails/scott_enlightened_thinker.webp"
"698c0e786a15943d3aa89fd70fe30d9c18a405f5","0.049","public/mtg/thumbnails/stephan_datamaster.webp"
"556ccef1a7ed8e85a7d0694581df1d90a8fff08f","0.0489","public/mtg/thumbnails/warehouse_purchase.webp"
"ce8418dacdf2e3c1916b2772d74c1b6075b71a7b","0.0489","public/mtg/thumbnails/campground.webp"
"a4a5a59a685ef18d6ea0713784a1cd415e62fa1f","0.0489","public/mtg/thumbnails/shot_clock.webp"
"c60a3c6456dbc5b2c94556929600bade0040aab0","0.0488","public/metafight/006_11.png"
"16ec39eec8bf684478a0dadffbd33977b370ab4c","0.0488","public/mtg/thumbnails/Dahyun,"
"c1559bb39531cef10445aacc9723bb61092b8983","0.0488","public/art/thumbnails/check_in_montage.webp"
"ff95df83c776afd2d86b7ca98c40a0b0c7f14e9f","0.0485","public/mtg/thumbnails/garfield_banquet_devourer.webp"
"f1183455ef96a086bb8a00f3b65d72e85603f69f","0.0485","public/art/thumbnails/rat_slayer.webp"
"9d5d78f2e18c34cd8502c6430ae72e4bb53ba3db","0.0484","public/metafight/013_14.png"
"96f2b63abd93cac2d55e5941c315b66fa12ca113","0.0484","public/mtg/thumbnails/gather_in_the_public_square.webp"
"f1921540123be3ec12a608bfb24482a6c8a1e253","0.0484","public/art/thumbnails/acid_crest_labs_cover.webp"
"c2862a8ac347d867d8c2b3440ebc50d5c74009d4","0.0483","public/mtg/thumbnails/garam.webp"
"562aeadc0ebd627666e44e55f3a34f8d34ab8abb","0.0482","public/mtg/thumbnails/i_wonder_how_it_ends.webp"
"e8560ee5c48b8e0ac7b36c6efd2166adf815ee22","0.0482","public/mtg/thumbnails/becca_baker_extraordinaire.webp"
"16cb5b01e1bb18c562ebebea450e78cc06b24c27","0.0482","public/mtg/thumbnails/jyp_headquarters.webp"
"7d140f6c965c0195e3d0a26d9a739c5ce4052d6e","0.0481","public/mtg/thumbnails/Wheein,"
"ee0fce4bc23baf1c527e9944b946bf543911c201","0.048","public/mtg/thumbnails/henry_cowell_national_park.webp"
"d39b85b069981a8823247a16d903297d211fb8af","0.048","public/mtg/thumbnails/lisa_menacing_icon.webp"
"56106b2cf6c0315f4a7e8ee0d3aa1153c71426af","0.0479","public/art/thumbnails/wedding_ring.webp"
"38ae6af107982b9d6b49b30b1009d85ad876add9","0.0478","public/mtg/thumbnails/date_at_the_cat_cafe.webp"
"abe9f5e88c5ca030c52c9f891e7e2593853b609f","0.0478","public/mtg/thumbnails/pistol.webp"
"78ef2623fc91cf9c2aad29749ad809cea8585bf0","0.0477","public/mtg/thumbnails/prius_vehicle.webp"
"3e478e991419f889418717b8ed19553f406debf5","0.0476","public/mtg/thumbnails/hanging_chad.webp"
"d93ab056f3d73c9a9f37928102f686f9feb5c980","0.0476","public/mtg/thumbnails/signed_on.webp"
"a9c483944362ffa74d027e05f2d461a6a68d1b70","0.0475","public/art/time_travel_cat-1.png"
"814faaafcbf6e8872122b8bda9ee5b69d3218212","0.0475","public/art/time_travel_cat-80.png"
"a17770716c1985fa4f768169673160eca83a237a","0.0475","public/metafight/012_12.png"
"2bafff366ab07edfe2e939f5f4a10ccfb42d44f8","0.0475","public/mtg/thumbnails/Lisa,"
"db2c6d809cb2308f243694e35c0cd52b1921856a","0.0475","public/art/time_travel_cat-43.png"
"38daa518a01d4f924b4406fab4a9793ffeb073f6","0.0473","public/mtg/thumbnails/take_six.webp"
"c18faac1b7a2485cafd9e5702c25efe45de01aa7","0.0473","public/mtg/thumbnails/running_slowly.webp"
"f05cd3928d65881371929632f8b3c06417220d98","0.0473","public/art/thumbnails/metafight_lightning.webp"
"2f656f9b600ac90546811fcbadf6660d93f7bf9b","0.0473","public/mtg/thumbnails/cinder_cone.webp"
"9691ae1241b490815cad52729bfcb247c72aadd1","0.0472","public/mtg/thumbnails/scott_enlightened_thinker.webp"
"b778ef3473cce08cb1fc740158b100937f22200b","0.0471","public/art/thumbnails/nap_final.webp"
"6ad41439079d65f7ea4ebfadf8bb437aac5d73bc","0.047","public/metafight/024_8.png"
"be882a182b4c56bb1839c55f1bfc8dc5eaa36927","0.047","public/mtg/thumbnails/half_dome.webp"
"3da7b42e9997f1d477a23d51aea50a99b38c3196","0.0468","public/metafight/002_12.png"
"5bbb74e0102da396ac521ec43475f245220e4b9a","0.0468","public/fine_art_i_like/happiest.jpg"
"3a502d2f822f8cd7d44a06e019f8de167fe96319","0.0468","public/mtg/thumbnails/gather_in_the_public_square.webp"
"8d28152faa0593a41f4173c4bfe03b1fc3943cef","0.0468","public/mtg/thumbnails/face_hugger.webp"
"c51b59bc1084316b8b7f1090befc1fa356ea35c9","0.0468","public/metafight/027_6.png"
"5ed275293c2f17bdb8e0360fba5ac3c00d1fdde5","0.0467","public/metafight/thumbnails/003_8.webp"
"95a6a334cec4ea2433d6f09545fe81b7fda3a17d","0.0466","public/mtg/thumbnails/pistol.webp"
"f146847c0941c5151b3113cd34a2ee15fb654cc2","0.0466","public/mtg/thumbnails/tempt_the_merchants.webp"
"98300c196a19e3e234989feddef8005d5a17c503","0.0465","public/mtg/thumbnails/mariah_control.webp"
"135a9186f1a6247d2320bd21c0d333b7269aacfb","0.0465","public/mtg/thumbnails/the_relax_sign.webp"
"f27ea37c3856a62f923d69af5a2d66b306f4217d","0.0465","public/art/thumbnails/refrigerator.webp"
"dd6ee89bfd2b65a7177124b64e0bed60f82fbdf8","0.0464","public/metafight/thumbnails/003_7.webp"
"44186d47926b771d038a3a7297e28bb3c9637b1b","0.0464","public/mtg/thumbnails/coin.webp"
"dd9650444481b6380066f236ea2931e0ff530b15","0.0462","public/mtg/thumbnails/mariah_basic.webp"
"e446cf2c7a4d5e8fbd11b5961fc2ee638b37e98d","0.0462","public/metafight/thumbnails/007_13.webp"
"2897e0a9f2d13b3b0b605fece2374d6b3af7064a","0.0462","public/mtg/thumbnails/solar_steadfast_cultivator.webp"
"0aa9eaa826f81dea6240f4c511fc04f81fc5e948","0.0459","public/mtg/thumbnails/nayeon_world_traveler.webp"
"110891347969c9fb0f6eb8d618ede2f0abafed8d","0.0458","public/mtg/thumbnails/twice.webp"
"c4f330e95c88634126346eb3d460e4b0ef1ed0da","0.0458","public/mtg/thumbnails/scryfalls_random_tale.webp"
"10eb654050792161425a3a3e7a40f44af8d920e7","0.0456","public/metafight/017_13.png"
"08395a81464452d801877c6a2180fb2edf5db2a5","0.0456","public/metafight/013_11.png"
"e133aae9908244c0915f22bc1e677f2051ec4807","0.0454","public/art/thumbnails/gar.webp"
"487efad582e32e1a11739183ee5a25454a4a0e8e","0.0454","public/mtg/thumbnails/treasured_pendant.webp"
"522ed73b0c854bd56637988c89d8574293863127","0.0453","public/mtg/thumbnails/the_contessa.webp"
"068ed6ce28d86240ad6c349092b91a83394bd112","0.0453","public/mtg/thumbnails/stephan_tableau_acolyte.webp"
"308c11750275da378ca04d73798f39e2dc771b8d","0.0453","public/metafight/010.png"
"43cf5ce8e4e5edf9913723f61a54962fec0ffd26","0.0452","public/mtg/thumbnails/coin.webp"
"1807febd2e6d15c133948c7f0e699f27d425c18d","0.0451","public/art/thumbnails/campfire.webp"
"d298ec64fc56da606a17a4571676516d3f14af38","0.0451","public/universes_beyond_logos/thumbnails/magic.webp"
"f74190dc98a8975b8666e2786e4245838fdbe994","0.0451","public/metafight/016_6.png"
"7181f67c17002bd815000de3a2a8ab4c9e4f4cc7","0.045","public/mtg/thumbnails/newt_fearless_survivor.webp"
"1d2feb2ee90ce30dba2e3365a93d3c66ce4e9912","0.045","public/mtg/thumbnails/nevasca_glacial.webp"
"d278760ad74882f628dd4681fc2019e70edeb912","0.0449","public/metafight/011_15.png"
"5bb5cce6090a05b876f3a5cfd5433c67b71d5a37","0.0449","public/mtg/thumbnails/date_at_frys_electronics.webp"
"c1888d491a21e5a01e3351d5a32f0f4980e0f990","0.0448","public/metafight/thumbnails/011_11.webp"
"3d381aacfc7944022c53239dffd345e73ec92686","0.0446","public/mtg/thumbnails/unplanned_hike.webp"
"007ea9118093ee7915bceeba7c1c1dd61e049f23","0.0446","public/mtg/thumbnails/awaited_debut.webp"
"f11f5cc8d7e95e7279ef2b70fbfa44ac51c4a661","0.0444","public/metafight/013_15.png"
"95c25bbaffadffd7a5fb60dce001a39a1fe29a54","0.0441","public/mtg/thumbnails/still_operational.webp"
"aa3ec942b24a7ae0ffbb1ea78e50ae594cbd1662","0.0441","public/metafight/014_8.png"
"d614009a2d2b4e06a2435922265286bd4b7e5d82","0.0437","public/mtg/thumbnails/dahyun_group_confidant.webp"
"b5408b43d2c6c5ec2e521abf37e2927ed3e27557","0.0436","public/metafight/021_3.png"
"d1ac625af2595d7e6461794ac14e94be93c66e6e","0.0435","public/metafight/055.png"
"3db9cdd449bcdde8c744459231c4da0848f3b4c6","0.0434","public/metafight/thumbnails/004_7.webp"
"0560079ca1c27bc915788657ec7e3f597e0e0c0e","0.0433","public/metafight/028_4.png"
"4ad0dee27723b0662b259eee555c1452c5564338","0.0431","public/art/thumbnails/starlight_serenade.webp"
"861a16ea0e507848835eff6798d73eadc52e49c7","0.043","public/mtg/thumbnails/hay_hauler.webp"
"60ae84b1ec95fd50d1e405dab60a96f3d43b6391","0.043","public/mtg/thumbnails/corrupted_niall.webp"
"717db80e218f9b9eff2ff152ba023aec3eb16e6a","0.043","public/mtg/thumbnails/megalodon.webp"
"3c191a2dc9c8f8e239c1a01974297938c9bc2ef4","0.043","public/mtg/thumbnails/niall_corrupted.webp"
"131d38b2ca51e2693c83a4da474c9dddab2e9b15","0.0428","public/mtg/thumbnails/yosemite_falls.webp"
"c55a2a8bd9bd80cba7a71d0cbc801b885fd57032","0.0428","public/mtg/thumbnails/ningning_marine_prodigy.webp"
"ea32f84279407235329add845ececffe6c192a2f","0.0427","public/mtg/thumbnails/recurring_rift.webp"
"df35d0f1c3df51dd086b802ceaa9b79ee9db0adb","0.0425","public/mtg/thumbnails/hay_hauler.webp"
"cff0a84f73cdf9102aaa67d33ac6fa0d5ae0e8a3","0.0423","public/art/thumbnails/rocco_and_elena.webp"
"efdf3993fe391eee0961834bb1b23b32e64ce353","0.0422","public/metafight/thumbnails/014_10.webp"
"9d2582e386172093a77debda82c01cfede01f926","0.0421","public/metafight/028_7.png"
"36fc78fe34f3d812be515c5b7971886df11c93f0","0.0421","public/metafight/036.png"
"757181a7dea43b39091fe68e1ab74377cbc0fe3c","0.0419","public/metafight/023_4.png"
"fc8ecb6efec348d89024dc98f3890a8989434a81","0.0414","public/mtg/thumbnails/date_at_henry_cowell_national_park_back_henry_cowell_national_park.webp"
"6123f70944cff7f2997d9735afa0dce764767b7b","0.0413","public/metafight/004_12.png"
"8b99b8afd5d416fc4e91209b566e3a5b98625383","0.0408","public/mtg/thumbnails/misfire_arsenal.webp"
"2eaea4837450c154a376204653aea85931e32bb6","0.0405","public/art/thumbnails/duolingo.webp"
"023872c37a2681af894b7e60420634517aa69542","0.0404","public/metafight/thumbnails/bonus_2.webp"
"7d9ba08c2960c967135baa99071c66eace64b995","0.0403","public/art/thumbnails/sunset_drive_2.webp"
"f254e8f44c98e88558493605a05072065b0b9897","0.0403","public/mtg/thumbnails/misfire_arsenal.webp"
"afbbcb80a9c9160eacded621a1db259257be5f1c","0.0403","public/mtg/thumbnails/elesh_morn_sleepyhead.webp"
"bfd7650ef7b68063499343ae97b6c99aadca6599","0.0395","public/metafight/015_1.png"
"080c5bf501b980b28afef6dc9df670453fd9247a","0.0395","public/metafight/thumbnails/012_7.webp"
"b94ef293204f0bbb24b19906ce0a9cfefef9e394","0.0393","public/mtg/thumbnails/flying.webp"
"9365ac74f0273f70337fa320d07c179608bab360","0.0393","public/metafight/017_6.png"
"8232aed18d7d81f11028962d6ac6f6db325e82ba","0.0392","public/metafight/011_4.png"
"aa5365764a1a6f122fb88b4eb86db65fe56dee41","0.0392","public/metafight/014_14.png"
"22e78392a5455f6466677c6f8f56b62322472eb5","0.0391","public/mtg/thumbnails/the_bone_zone.webp"
"73bc9023fc20aaa31bdd104b0de37280e20bb39e","0.039","public/metafight/thumbnails/000.webp"
"81517e37c0c3b8d26d1ce445a8064c7c1a9596df","0.0389","public/mtg/thumbnails/bishop_artificial_person_back_still_operational.webp"
"65cf6316db78a89d4852aaf353f60e33cb494241","0.0389","public/mtg/thumbnails/biomechanical_alterations.webp"
"c049b0b876a40001b86683f7c061afd0002ca35c","0.0389","public/mtg/thumbnails/the_bone_zone.webp"
"f95c449200b35d45a6ffc3c431afd3ca1b3615c1","0.0388","public/metafight/004_8.png"
"3006cd217033db3cde721e5e66d00b7560dec42d","0.0387","public/metafight/thumbnails/020_6.webp"
"dbd9e07ea4205cfdebebb280afafd853f0ff6e4a","0.0387","public/mtg/thumbnails/biomechanical_alterations.webp"
"67fba127cced06e6eb19436e6d11cfe9b8e69c9f","0.0386","public/metafight/other_artists/020_4.png"
"9bd8ec60be9c0c30033dcabe15ffb067f5633eb4","0.0386","public/mtg/thumbnails/falin_faceless_broker_life.webp"
"25d39bbdce81bdbedcae6fdcaa7995de1848141c","0.0384","public/metafight/thumbnails/006.webp"
"b637022a00867adcb3d4cdf65ff2696002911861","0.0384","public/universes_beyond_logos/thumbnails/bonus.webp"
"e8e15e3d57d08b8fd9a780d5224f81fb87f23666","0.0383","public/metafight/thumbnails/009_10.webp"
"1041444aa15163dd34ed05c73bb4f3a950030609","0.0382","public/metafight/thumbnails/028_1.webp"
"77ebeec607951944331d80f7939b53537a08f32b","0.038","public/metafight/thumbnails/011_10.webp"
"42d627e27facacda2f4e9cb87062c7add3825660","0.0379","public/metafight/thumbnails/008_11.webp"
"b18484dc88e8262ea44de2ede508ea01e0a6a9b6","0.0378","public/metafight/015_14.png"
"0367e0ae8f7905eb8a4255a8f2b2ddf91542e669","0.0375","public/mtg/thumbnails/hike_the_beaten_path.webp"
"3e6a7870e1b43a7007aa76108988b178e8d42790","0.0374","public/mtg/thumbnails/a_momentary_lapse_in_physicality.webp"
"718248e5fddb72dea6f6ca1b0bb368515c512117","0.0373","public/art/time_travel_cat-22.png"
"70ca29833af62af04e90c2728b0e0ec820051afb","0.0373","public/mtg/thumbnails/a_momentary_lapse_in_physicality.webp"
"90357f2089143ecd21c6affad80a3688150fb38f","0.0372","public/metafight/011_7.png"
"5b419075283e6179e9a649cab669706e8a4ab6b3","0.0371","public/art/10_black_and_white/elesh_morn.png"
"de891e02bfe38b9729606ca3b441326dcdb78cbc","0.0371","public/art/thumbnails/ratman_5.webp"
"4da108e0efc3be8bc298d88f4169b2af54651a53","0.0369","public/mtg/thumbnails/think_again.webp"
"af29e3ceceb320870eb1c11ff6857703d94ffd81","0.0368","public/metafight/010_16.png"
"b49631cd7fa1536a438bffee0347dd4e2c410120","0.0368","public/mtg/thumbnails/super_flotation_girl.webp"
"31342d83c99dedb4978fabb5bfd34ba9e95a5b1d","0.0367","public/metafight/thumbnails/022.webp"
"fb05114c44df5e87f6b1b5fe5c902cb24388db2c","0.0367","public/mtg/thumbnails/sacrifico_letal.webp"
"a43547abccd05e306cde063587fa05a51e6a0410","0.0366","public/mtg/thumbnails/emergency_meeting.webp"
"71a4bb26145e19bd9618be3ea123978f434d7379","0.0365","public/mtg/thumbnails/park_imperial_counselor.webp"
"d6a2897a55eaaecc2374e43d9b2f87ff3c4b4b49","0.0365","public/mtg/thumbnails/scryfall_random.webp"
"a910828099b0ac76ac06d15367bfd49ebfb18301","0.0365","public/metafight/004_14.png"
"266b8b5e69725aaebfdfc6618f27baa3444428bc","0.0365","public/mtg/thumbnails/sacrificio_letal.webp"
"3b764102f3256e48fc6c6738f6cb0f8552e442de","0.0362","public/mtg/thumbnails/antinous_siiver_gunner.webp"
"a4fd634808d46aac026c8b978a66c0017f431fe2","0.0362","public/metafight/thumbnails/004_10.webp"
"94f877c84806e796cbec24abebd38b016510d8b5","0.036","public/metafight/thumbnails/021_4.webp"
"8e7cbefe832bfaf551cf43307377a91ff41c383c","0.036","public/metafight/thumbnails/007_14.webp"
"992e5c2b5a0924343860c7f10e4441d09b360b95","0.0359","public/metafight/thumbnails/028_2.webp"
"60454d72b0968e7f7d24763b2e589fdc4374a0a2","0.0359","public/metafight/002_16.png"
"42ed996b5e23836ffdaabdca1c96391dbbc1e1ca","0.0359","public/metafight/thumbnails/020_8.webp"
"bccc6a2b532c9a0675553cd14b909add97af49a8","0.0356","public/metafight/thumbnails/045.webp"
"4d30b9d7257bc94c5e233fd2e815eade4a496c85","0.0355","public/art/thumbnails/metafight_menu_sprites.webp"
"5803a2fe27cc2f2664cc9249be8952e39d1a2b5e","0.0355","public/metafight/039.png"
"27674efae0d1bb59a8c7dd3e31eaae1ca7c82add","0.0355","public/art/thumbnails/lola.webp"
"11709192d4b344f6bddd51413127e62af718c1d3","0.0354","public/art/thumbnails/toaster.webp"
"21169c65d8c14addb83e78d4c895c0c8215562be","0.0354","public/metafight/026_3.png"
"2b7845e465767b53b688a66ea9a636c2ad82a809","0.0353","public/mtg/thumbnails/suplex_reversal.webp"
"a389d562580b0788efcfcae0ab365885bf06eebf","0.0353","public/art/thumbnails/ratman_2.webp"
"4de45748304c1ff499be14ec97488d6ee9172f19","0.0352","public/mtg/thumbnails/suplex_reversal.webp"
"077820f30a077620da7c51f2e43864bc6de2fec4","0.0348","public/metafight/thumbnails/005_12.webp"
"2cd90fcc9bf0823a50d3b10b2ea0d5e7b9057f98","0.0347","public/metafight/thumbnails/000_11.webp"
"8ebeeb4f5df7afde189b26e6fe314abdca89880c","0.0346","public/metafight/006_16.png"
"c324e7fb27ba61e206987bde29b1c225539e982e","0.0345","public/art/thumbnails/business_casual.webp"
"58fe02ea01198c6a4fa3a066395bc5f11fb99e74","0.0344","public/metafight/thumbnails/007_16.webp"
"8f60e6ae5e82c8c8ee5b7fe56553e85c3a5d2b28","0.0344","public/mtg/thumbnails/park_imperial_counselor.webp"
"2084d634111c3427738ad670e569af19866b1848","0.0344","public/art/thumbnails/suplex_final.webp"
"fa2c90c055d37f77e1210e45cbdc8df9d514feec","0.0344","public/metafight/thumbnails/010_7.webp"
"e5b96a4b36af32c73741a5be18fd532aea682535","0.0343","public/mtg/thumbnails/niall_with_sodium.webp"
"e231fdedb1b8ce7b0e4b6d373eeb1d30a26b9e59","0.0343","public/metafight/033_3.png"
"61795d711754eac35e0be00fbfb3b88a107008e7","0.0342","public/mtg/thumbnails/shooting_fish_in_a_barrel.webp"
"7057551c72689a2ac5527117b2627258d9d927b7","0.0341","public/metafight/012_14.png"
"b07365ab0a540104b3c14fb48d2b9e0238df9845","0.0341","public/mtg/thumbnails/niall_with_sodium.webp"
"342740582edf537653127e2f366cf19c71d8df24","0.034","public/mtg/thumbnails/alex_airplane_devourer.webp"
"52ca9d56e51a15337b8a5b87b27112919ead5e61","0.034","public/mtg/thumbnails/shooting_fish_in_a_barrel.webp"
"408d1abffe31a4d986a79f32d764354c1dd2072a","0.034","public/metafight/thumbnails/007_17.webp"
"70b6fc5b8b7fecabe18a0cf439312acfd02a9a2f","0.0339","public/mtg/thumbnails/beat_rice.webp"
"abd05dce0a78b3ad43d278e44d499d4bd15d1b91","0.0339","public/mtg/thumbnails/beat_rice.webp"
"91f0030b25d9b9998efac7d7c5e5b2c20f1b0497","0.0338","public/art/thumbnails/elesh_morn.webp"
"968d62be189cf588718d25fa114301014019044e","0.0337","public/mtg/thumbnails/deer.webp"
"828101e9bcce12d2399a8c7833d0b74c48844ea0","0.0337","public/metafight/022_2.png"
"1abc8e1160db30cc08792c4030d1e416e941885a","0.0336","public/mtg/thumbnails/effective_lure.webp"
"e65a84ebeb497c8f6a6e9ebeb5b96cbc7bbd26a5","0.0335","public/mtg/thumbnails/effective_lure.webp"
"372613832b878b45bcb141b5648c6c16be2328e7","0.0335","public/mtg/thumbnails/deer.webp"
"d16632dcbbd5fae872ac57f85db6d00d638fb5eb","0.0334","public/mtg/thumbnails/containment_breach.webp"
"abfe38ee15d63a3d72ce0a8a3142c3159b1c07e1","0.0333","public/mtg/thumbnails/containment_breach.webp"
"e44c0247bad7d681794d47fe95b426eb94d976d0","0.0333","public/mtg/thumbnails/chronokinesis.webp"
"53402c2f6f5747e42c64105be3492d2bc1550035","0.0333","public/mtg/thumbnails/jen_in_air.webp"
"504b68af63df1aa5b43b4de25fe192e1fd67c4c0","0.0333","public/metafight/thumbnails/000_15.webp"
"238942768d8bb018f10f95d1afee7696299ed703","0.0332","public/mtg/thumbnails/jen_in_air.webp"
"cef17453ed6d0c756a66d445fbfd0abe45aab8fa","0.0332","public/mtg/thumbnails/chronokinesis.webp"
"e1eeaffb5a6ba6ae0481ff8c7a015ee69347c2db","0.0331","public/art/thumbnails/snuffler_s_bluff_ratman_at_sign.webp"
"e320b5a1e1d8269e8d246e25ce94cc2081657d73","0.0331","public/mtg/thumbnails/generous_gift.webp"
"86410da5bfed4e9ef07e3fbe2298ac55bf85d8fe","0.033","public/mtg/thumbnails/generous_gift.webp"
"cadeb0ff0e1c98df57045f265caa7bb9dc1a86b3","0.033","public/mtg/thumbnails/well_done_invasion.webp"
"a03228bdf00884f8bd6f8c5a1cd9f9633814fd18","0.0329","public/metafight/thumbnails/012_10.webp"
"dafa9eae343613951cdb4eba56892f2324b7d3dd","0.0326","public/metafight/thumbnails/014_11.webp"
"6013608ea1a4feba575f258718e74cd1504646b3","0.0326","public/mtg/thumbnails/tubing_bea.webp"
"d9f9839094818c9377bc7b4971dc74d9a2ec73f5","0.0325","public/art/thumbnails/rat_concept.webp"
"cf5ee52639c94e9a0e729bf3e467f5832ee10118","0.0325","public/metafight/thumbnails/007_4.webp"
"1894f7c8e9b4d54da6a2ff9b82d4c0e726eb53b1","0.0325","public/metafight/thumbnails/022_6.webp"
"e6fb9bb5ad027817d11417dcba04cb3ab647361a","0.0325","public/metafight/thumbnails/021_8.webp"
"165a425ec8eda8fc6556cad7bab6b0b03a8de904","0.0324","public/mtg/thumbnails/joseph_traveling_merchant.webp"
"dda460f3980182780102009dbc869816ca35bc2e","0.0324","public/metafight/thumbnails/010_10.webp"
"8318fa6c322b9af6b386f95c650d35d388ffee5b","0.0322","public/metafight/thumbnails/017_5.webp"
"8733485561dd0b148e4adb9773bd3c4b1f6e40f1","0.0322","public/metafight/thumbnails/dinner0.webp"
"75e85685b7ac06e1ade011be96bcab87e2c722d3","0.032","public/metafight/thumbnails/033_1.webp"
"0ef6f9307bc91bc2febde4bebbcbc884c09a005f","0.0319","public/metafight/thumbnails/016_14.webp"
"16b9498af29e021ec73f25d1ebcd85f072039c5b","0.0319","public/art/thumbnails/metafight_lightning.webp"
"030993f39ceb249eda2761eba9706006ee7ab50f","0.0318","public/mtg/thumbnails/scott_the_astromancer.webp"
"91a90446983abfadbb7ca11b5d833b81c783a388","0.0315","public/mtg/thumbnails/swamp_swamped_by_swans.webp"
"62ad9155f67aed9c907d8c7a42265032bfa1424e","0.0315","public/metafight/thumbnails/015.webp"
"96dadc841df64e620318144543cf4e05a5254072","0.0314","public/mtg/thumbnails/swamp_swamped_by_swans.webp"
"61f0c9780f959fd2387d9c9b8125f6e42b9966a9","0.0312","public/mtg/thumbnails/niall_relentless_ranger.webp"
"ada491ae2b37598138336382a218b4027d3759ac","0.0311","public/universes_beyond_logos/thumbnails/hhhgregg.webp"
"abf6ed331f90ca4aebd9e5df4ad9b2e223597111","0.0311","mtg.html"
"19df37eb9efe888d51f37146c561ca6dff2f96b8","0.031","public/mtg/thumbnails/we_will_live_again.webp"
"985cfcfe63c0f12bc98c3528d722cb14bd58fd57","0.0308","public/metafight/004_6.png"
"d05bd5d5bcc801fe85e4f1b143625211fe364ef6","0.0308","public/metafight/thumbnails/009_11.webp"
"74b197ad28768929163dac8647f6f7fe80049890","0.0308","public/mtg/thumbnails/the_test.webp"
"7c6b0dac4efc0aeff3bd232e18a57be6cb309988","0.0308","public/title.png"
"2590686b3efabfb494fe7c09d451f8eb516c985a","0.0307","public/mtg/thumbnails/the_test.webp"
"84743fe815939482ee7d311c2e4e43e2fec182d0","0.0306","mtg.html"
"9e7e2edeb6da80b4fa73d9765c2cc8c6f47d4422","0.0305","mtg.html"
"4e2a4a30781b45e30cebf8f6addf61105dad3ad6","0.0305","public/mtg/thumbnails/that_elevator_button.webp"
"e9a23501d6b1213e129e8ef3b3d8008fc04dfe97","0.0304","mtg.html"
"02f6bb923b41f2f3da4569e39eb051de04ef6dd0","0.0303","public/mtg/thumbnails/park_ranger.webp"
"0ebc58d2724c0d45ae7611ad550133b585ff278e","0.0301","mtg.html"
"086f9dd9598e635f9c45e8a9490ba0db6d9f3cbf","0.0299","public/art/thumbnails/tashana_first_look.webp"
"0e18e81fabccd0b5114f64302e4a58400399d067","0.0299","public/universes_beyond_logos/thumbnails/elesh_morn.webp"
"9fd08e44281922dc5c6998b414a478acbe58b8f3","0.0298","public/mtg/thumbnails/nayeon_frontier_forager.webp"
"11023ea7f2efe35c55d8d25999199804c5c9a936","0.0297","public/mtg/thumbnails/that_elevator_button.webp"
"90a5c9240f84eb16c71dbb65676fe1f144e5114c","0.0297","public/metafight/005_10.png"
"322598c6990e89b83177cf91aa6d065a4a0beb70","0.0296","public/art/thumbnails/snuffler_s_bluff.webp"
"2e9cb17d8705ebad13d55cdbbbdaa91243d0d8d9","0.0295","public/metafight/thumbnails/001_10.webp"
"75a56bf7abeae0b82b9d2c13411a33f408e96003","0.0294","public/mtg/thumbnails/almond__milk_enjoyers.webp"
"479105c1115b281a78da8663a0c9245256927ffa","0.0292","public/metafight/thumbnails/006_10.webp"
"63917eea0b55dfa29561cf01aa90fd1769617d2b","0.0292","public/art/time_travel_cat-57.png"
"b6aca0a2c1f854cdc8700b3977bdc68605faef16","0.029","public/metafight/thumbnails/dinner1.webp"
"6fb6fb742bcbfc56c92b11c23b8ef48ec9e22eda","0.0288","public/mtg/thumbnails/the_liaison.webp"
"f470322eaf506cb227b9ca49f0771a84bddc90bc","0.0288","public/mtg/thumbnails/scryfall_s_random_tale.webp"
"c38adf14bb5b559a636a536cd5d1a7cab7181fbe","0.0284","public/mtg/thumbnails/excessive_tax.webp"
"d88fdae62b3b182861c0ea33a1a172034a2beba5","0.0283","public/metafight/thumbnails/007_2.webp"
"8062bb360d5ec83967265a0b6f9fe49f84a4c9e0","0.0283","public/mtg/thumbnails/excessive_tax.webp"
"d71dac4f5496a5f3fd180154a46b45242cda81f1","0.0283","public/mtg/thumbnails/magnetron.webp"
"c846c658780f63c1a38f1fedaf58c099e3a35817","0.0282","public/metafight/thumbnails/005_8.webp"
"7423e9f116a7f24b4f16b6a2e8e7e7bf194a3668","0.0281","public/art/thumbnails/iced_tea.webp"
"d03bf10aca1408b9378464b96fe8f7726a9955b1","0.0281","public/metafight/thumbnails/005_16.webp"
"d97d50e09b3795b4b2e08fc08799d19b41d47e5a","0.0281","public/mtg/thumbnails/magnetron.webp"
"9b687e36cda7a06b57bac3044edd5213ab4c00bd","0.0279","public/metafight/thumbnails/020_5.webp"
"dfd5685476bb3a20963f9fcd606dbb5607622e24","0.0278","public/mtg/thumbnails/the_guide_nialls_invention.webp"
"95fdf16edd1c65ac9b3ac50ad4ddb7b2ff416801","0.0277","public/metafight/thumbnails/034.webp"
"7952bec7df8ba82518da4a85c89fc66d3bc13f40","0.0276","public/art/thumbnails/sharkman.webp"
"90df73918e717c6e19f7d90ccfa1f57bfbcbdef2","0.0276","public/metafight/thumbnails/001_12.webp"
"0f12fae0cad11662280f7057f6157df1a872de48","0.0275","public/art/time_travel_cat-9.png"
"90f5300401666f33f5a41aeac014919cc4e8b90c","0.0273","public/art/thumbnails/siiva.webp"
"4eadd8925c74dc5defd31cfe4cba75c63c372139","0.0271","public/metafight/thumbnails/026_7.webp"
"9bf750b67f7c41fcf86ae63af66981d09f0c1d25","0.0271","public/metafight/thumbnails/016_13.webp"
"497929196cc59c6c5884a8e99d5dee1cd8a827f1","0.0269","public/metafight/thumbnails/007_7.webp"
"b8450ea3f7eaa244ddae6650469c063fa35644ce","0.0269","public/art/thumbnails/court.webp"
"27bca83eaaa76f5ae053856ef9a494d1d3c86793","0.0268","public/mtg/thumbnails/nayeon_world_traveler.webp"
"4a0c11b561071da8c95f428fa48e1a4643d50ddd","0.0267","public/universes_beyond_logos/thumbnails/metafight.webp"
"270634450194590f9afc7e8505803a36b8155fc5","0.0267","public/mtg/thumbnails/philosophy.webp"
"2326d567e2beb8a47ac63022460108621dbca8ad","0.0267","public/mtg/thumbnails/philosophy.webp"
"f087c38b3b9963892e434d6b120bf4b7d7ab35b1","0.0266","public/mtg/thumbnails/warehouse_purchase.webp"
"77dd1e6bceec8150496e26dac210c790466b1032","0.0266","public/mtg/thumbnails/smokey_cinder_cone.webp"
"7157cbb5acc74c0c3e598eab8a125e6de9ffe781","0.0266","public/mtg/thumbnails/warehouse_purchase.webp"
"ddca3db2d46f7793e78c2608ce002199558c6007","0.0266","public/mtg/thumbnails/smokey_cinder_cone.webp"
"9b7f67bfafe8a11f958a1322258bb254ba606b4f","0.0265","public/metafight/thumbnails/002_12.webp"
"ca2e40fa3022c38770ab35cc49718d3261bfb8f3","0.0265","public/art/thumbnails/metafight_menu_art_bandage.webp"
"897a5947852c84785150a6f555cc4df919914997","0.0264","public/mtg/thumbnails/that_elevator_button_the_witness.webp"
"90b9ea01e87cbf949d9382a0553ed11a8e5c04be","0.0264","public/metafight/thumbnails/008_10.webp"
"baacbfc1ff6863d0849805fa77207a745679e93b","0.0263","public/mtg/thumbnails/that_elevator_button_original.webp"
"72e95e3fe1569e9caccd5a2d9e54644e3bb8fd37","0.0262","public/mtg/thumbnails/date_at_frys_electronics.webp"
"221ab980b77954c66a77b6f03d2c3c35d1bb7f57","0.0262","public/mtg/thumbnails/scarring_search.webp"
"129a004f2035fd9322658ec97479268c3381067d","0.0262","public/metafight/thumbnails/006_11.webp"
"097e43e53033953e939651398245126776661472","0.0261","public/art/thumbnails/cameraman_no_1.webp"
"c0aa5e03633d9a7e86f06eee7ac83e4a2b82b65b","0.026","public/mtg/thumbnails/antinous_siiver_gunner.webp"
"5183681127efd175f7b40ff6c3d7f8df60d2f2ba","0.026","public/mtg/thumbnails/plot_armor.webp"
"283cdce66169285ccbf0550561a67f2836b36e9b","0.0259","public/metafight/thumbnails/016_7.webp"
"ec0cc0497903fb79758a1d611abecad8bb2cbeaf","0.0259","public/universes_beyond_logos/thumbnails/minecraft.webp"
"2fa724e623acbc042db5c9adc85debb3dbce0496","0.0259","public/mtg/thumbnails/plot_armor.webp"
"eff70b8a5f3a3a452c4adb054b347c5d94b70083","0.0258","public/metafight/thumbnails/020_11.webp"
"8d756c0159fe6acfb1618d1c9b2af2356dc4f6b7","0.0258","public/mtg/thumbnails/garfield_banquet_devourer.webp"
"fd0820f5f82313c6d8f670a5e3aaa29c03c8bc68","0.0258","public/mtg/thumbnails/elesh_morn_sleepyhead.webp"
"83b3152e954c973f9652eee72d5254fb8c5e4592","0.0256","public/mtg/thumbnails/turnige_vegtible.webp"
"5f8781b502de31f9b876a7827afe99e982290f58","0.0255","public/mtg/thumbnails/tazer_girl.webp"
"508fe4b52b99d6953488292ad1af863915efb559","0.0253","public/metafight/thumbnails/012_12.webp"
"f42d1bae70b9b85f31d9372fbb124b5c25bed6cf","0.0253","public/metafight/thumbnails/013_11.webp"
"e23d991bac1299d574fd18a5e7c5f48c3a47a83e","0.0252","public/mtg/thumbnails/unplanned_hike.webp"
"e3be1b9b73d7f998de13bbdcbe6dd0e0220d02f1","0.0251","public/mtg/thumbnails/take_six.webp"
"eb753a681397a165fdb34f6f546d5186704154c7","0.0248","public/universes_beyond_logos/thumbnails/mariah.webp"
"bce1002ba0a72520757455cadb9f38fd12a2ffec","0.0247","public/art/thumbnails/gaming_truck.webp"
"53717258fd029ccda051f81f0faed34bc0a347c5","0.0247","public/mtg/thumbnails/nialls_jeep.webp"
"76f49da9af5eb6068ca07e5ed2b5274d820735d8","0.0247","public/metafight/thumbnails/013_14.webp"
"b460cb39856465002fc482b447fb9e2afb11fccd","0.0246","public/art/thumbnails/laura_sketches.webp"
"bcbc20c5ac7b1157c61c76aa773a9974c1a28177","0.0246","public/mtg/thumbnails/campground.webp"
"fe724cc9ca7f206d6193126d071db8cbd0e35c22","0.0245","public/metafight/thumbnails/004_11.webp"
"fff53d690135d5aa7caa31540c8bc92541c06402","0.0241","public/metafight/thumbnails/021_3.webp"
"141edec84ea64305781479ce1966a97b9590466f","0.024","public/metafight/thumbnails/028_4.webp"
"4db297f550de72b8de2db0ae7f201db92cfc8251","0.0239","public/metafight/thumbnails/010.webp"
"ae6631db787dab698a39ac82f00203ddf17cc0c5","0.0239","public/metafight/thumbnails/045_1.webp"
"fcc239e1ade54fceb075242b7b139c87c6f94a69","0.0239","public/art/thumbnails/of_rats_and_men.webp"
"97e022be1ea89ca9c6a234728464b5dd20ffb283","0.0239","public/art/thumbnails/frog_genie_and_tess.webp"
"e861b050fafb8fde9fe07241ac8d810356f1276d","0.0238","public/mtg/thumbnails/falin_faceless_broker_life.webp"
"5bef85d94b1cc1e308aa205e854be84239a427ae","0.0234","public/metafight/thumbnails/017_13.webp"
"87e4f23d003804ecb350c618bfddc73dccfbfef9","0.0232","public/mtg/thumbnails/the_contessa.webp"
"a15c611dca83ebe23db04b6db93ad40f56e737b4","0.0232","public/mtg/thumbnails/the_relax_sign.webp"
"48f86680a8bedd82215ed7e5c322230cd07d08cb","0.0232","public/mtg/thumbnails/the_relax_sign.webp"
"32c1ba8f090127dc974685bed9b52d99ecaa22b6","0.0231","public/art/thumbnails/knights_of_the_grand_2.webp"
"34d9df233beede408c7c6fd37e01239e66b8c4d2","0.023","public/art/thumbnails/her_cooking.webp"
"810f52ad0614780aea35144aa5e22a4dce8bcac9","0.023","public/metafight/thumbnails/014_8.webp"
"f7c14926a45b82c76df700eb9c7dab068b3ca291","0.0229","public/metafight/thumbnails/011_15.webp"
"fe1d1ed36c7d1b1f739758721b00b9ecad431f42","0.0228","public/mtg/thumbnails/nevasca_glacial.webp"
"2ceb9a1a1ea2f1437c7372f3ad810184584d4bff","0.0227","public/metafight/thumbnails/055.webp"
"ecc242b3a90272a06f252bebfdc1e44e608baf69","0.0226","public/metafight/thumbnails/003_12.webp"
"23ee668732e84e3353adfb82d2642de5a0fea082","0.0225","public/metafight/thumbnails/020_4.webp"
"4d5be843090dad1aca1a98cba149a404b26aefff","0.0225","public/art/thumbnails/conversation.webp"
"3726f3c0db8b872ab3afd0802a3cc87dba508683","0.0224","public/art/thumbnails/slate_sketches.webp"
"20fc604ef9b440004ba478d59ab67b708fabd6b1","0.0222","public/metafight/thumbnails/036.webp"
"4493bbb5c7f19fc7d6bf396d04299a0143299c66","0.0222","public/art/thumbnails/metafight_menu_art_bandage.webp"
"43802c662b75d7d4b3abdad0c76f2e1a0fab42cf","0.0216","public/art/thumbnails/godot_sketches.webp"
"844d7162747f3acc8b727a6bf8fb8964c2791b38","0.0215","public/metafight/thumbnails/023_4.webp"
"1e2c3ea2210f50db43bbf8be38746a20270ab736","0.0214","public/guides.png"
"dbcd8ccbc539e25c50b6cdd13006601468876ba6","0.0213","public/metafight/thumbnails/004_8.webp"
"347ef634a4cc4f2058c7c4712d6d6a7f75613f60","0.0212","public/metafight/thumbnails/017_6.webp"
"af6b79b5251ba0ca111fd1abefa311cd3513773c","0.0212","public/mtg/thumbnails/hike_the_beaten_path.webp"
"c0edbc5c9328916c9aaaaa5437e90484dcefa402","0.0212","public/metafight/thumbnails/011_4.webp"
"7f00f1d93493e692fcfcfb86b789be676dbb5db2","0.0211","public/art/thumbnails/metafight_wisdom_chicken.webp"
"33fe2283e89d9b90ce3f2937883c21b17f1f61c6","0.0209","public/mtg/thumbnails/emergency_meeting.webp"
"81ea1feb186d9df2749851bf30b68659335261c7","0.0208","public/mtg/thumbnails/alex_airplane_devourer.webp"
"152e82acb42e5d8bcc7591cc78d40f0cbdce45f7","0.0207","public/universes_beyond_logos/thumbnails/cardmarket.webp"
"1805edc8d516caff4c4c35f86aad61649c8120da","0.0207","public/metafight/thumbnails/014_14.webp"
"bd77abf3514827fc8fffd257617a810097ba09b0","0.0204","index.html"
"e34720b0ea640be9e8b7925be9bf70f57d2ac717","0.0204","public/art/thumbnails/momo_sgt_pepper.webp"
"be872a421a320ab255198c4000683b3527e0ba31","0.0202","public/universes_beyond_logos/thumbnails/kpop.webp"
"2d4927c21bd8416c6bb440f82f8a27c52e3eb58e","0.0202","public/art/thumbnails/metafight_bone_zone_master.webp"
"73ffa6f55d2700f15b40a4a56188bd9edc13afc4","0.02","public/mtg/thumbnails/joseph_traveling_merchant.webp"
"202018af76f480dfbc79d5966bd9c9a0532a9c4a","0.0195","public/metafight/thumbnails/015_14.webp"
"3a3a6c2ff3120977fc36984246a96fb579212727","0.0195","public/mtg/thumbnails/well_done_invasion.webp"
"b5b0a36655e8206cacfb56cd94a1fe0e3d239108","0.0194","index.html"
"7eb679190dc357a996c7e79fde02795a8ac33c1b","0.0194","public/mtg/thumbnails/scott_the_astromancer.webp"
"ef020706a70affc27bb4514bae1b08840ed62ff6","0.0191","public/metafight/thumbnails/004_14.webp"
"0acc5db9481db9a5c53db9f3d025bd51b0dda808","0.0191","public/metafight/thumbnails/010_16.webp"
"a41b6533c9a53535c0f8c5ff49e0ea60d8de3fb7","0.0191","public/art/thumbnails/campfire.webp"
"3f8fa69d786ce8aef6e3394e37accbeb968a99fe","0.0187","public/mtg/thumbnails/niall_relentless_ranger.webp"
"579e1a360be31cc21a1188d02e14aa38fffb47b1","0.0186","public/mtg/thumbnails/think_again.webp"
"08cda83803885fef3034bc811cf78db80a62c10f","0.0185","public/mtg/thumbnails/think_again.webp"
"5db9916800332134e9fedb07db07e843302cd54a","0.0185","public/mtg/thumbnails/nayeon_frontier_forager.webp"
"6021381a9c33f1eb318c971b3b6a5db500a8a632","0.0184","public/mtg/thumbnails/park_ranger.webp"
"28c897f9dcf09f606a8e4d08236d58dd0be7ee70","0.0183","public/art/thumbnails/taylor.webp"
"8caaa39a06d0dc39485070e65734117e1a9cb10c","0.0181","public/art/thumbnails/square.webp"
"4d0f8ee69e2a110050f1cf8dd78c6e6186908e58","0.018","public/art/thumbnails/bartholomew_and_scranklet.webp"
"ca5d9ae293a9ca9a2bcb2bee7783bb44abc98ed7","0.0176","public/mtg/thumbnails/almond_and_milk_enjoyers.webp"
"ace07c95ba2e9c00ca01507c42f33ca9249b1f48","0.0176","public/metafight/thumbnails/026_3.webp"
"e1c3375b77b5918b6807a9b52c20e9e013ff9ffa","0.0175","public/art/time_travel_cat-89.png"
"ebee58adfe9eadbffd0518b9bf973efbc9ae0114","0.0175","public/art/time_travel_cat-93.png"
"34080cd9bad1682717a1a300949279a8ee64b445","0.0175","public/mtg/thumbnails/the_guide_niall_s_invention.webp"
"52082d8115d17f55b13dbe3b40294c29994c1a84","0.0172","public/metafight/thumbnails/006_16.webp"
"4b20c69911bd4d1e35d26da69221c5d26b1503c3","0.0169","public/mtg/thumbnails/nayeon_world_traveler.webp"
"61b5b77a4eccb254c3092bb66192fd808d2977df","0.0169","public/art/thumbnails/meowna_lisa.webp"
"b90c575a395d2f1f7b35f6db0e6db92ff4ddc669","0.0167","public/metafight/thumbnails/033_3.webp"
"4e001197ec771b9be8e39f2193b1dfeebbec7e8d","0.0167","public/art/thumbnails/starlight_serenade.webp"
"fd0e06557ab122b9d26d7accab44d4b0bf9b6043","0.0166","public/mtg/thumbnails/antinous_siiver_gunner.webp"
"a959e55df9e741b703749b30f11e666f927b975e","0.0166","public/mtg/thumbnails/garfield_banquet_devourer.webp"
"c0643619229c36973449bd2a86bb51ab0b9b3a5f","0.0164","public/mtg/thumbnails/date_at_fry_s_electronics.webp"
"b33a8bb380af05517464936c002a1baaf5080a3b","0.0163","public/art/thumbnails/color_image.webp"
"e542081b583ab16edf5817d6d3710b9f61c6fab5","0.0161","public/metafight/thumbnails/039.webp"
"6380e3a199f1a87dcecee9a4984cffb5bc9234d1","0.016","public/art/thumbnails/metafight_menu_sprites.webp"
"0307570715b0782b6e8ac5130f019ba0d74b0545","0.0158","public/mtg/thumbnails/take_six.webp"
"1cbd1ddd5d0ff7b39e8ec8552ff71efdbc2e179f","0.0158","public/mtg/thumbnails/unplanned_hike.webp"
"b507da60174ed09136c0226d9554221b78b4e326","0.0158","public/mtg/thumbnails/niall_s_jeep.webp"
"c10bf82564cca6f07cf3de67e9bc1d5ff109fe5c","0.0153","public/mtg/thumbnails/campground.webp"
"acfabcceb942325c2ef32a8e999a30064e2180ab","0.0151","mtg.html"
"d9e967ce80146122752472c9bf07bd063678200c","0.0151","mtg.html"
"d15cc30a71f0c8ff1c6a4503450fc12aeaa74e7c","0.0149","public/mtg/thumbnails/the_contessa.webp"
"36b833d03f77a420a177ba76fd5c76ee38093dd4","0.0149","public/metafight/thumbnails/005_10.webp"
"6796482adb62c38ec8593bb91d11e4ae97aa351e","0.0147","public/art/thumbnails/inquiry.webp"
"ad04a0a3fa15f15666d8996a8c2e53dd71965b05","0.0144","public/mtg/thumbnails/nevasca_glacial.webp"
"9835a9a98b223baa84954d01b31c7935c993c4dc","0.0139","public/art/thumbnails/siiva_4.webp"
"49bab9825fa37cc18fe64fe65192cc78845765bd","0.0137","public/mtg/thumbnails/hike_the_beaten_path.webp"
"e3d0bc972d6add73b3d667629a86a62aa521a8cc","0.0132","index.html"
"dd5d737d7f67d3beb975a46dc8ed16a55b3ad69f","0.0132","public/mtg/thumbnails/emergency_meeting.webp"
"bea646146b68f491895885a1d2e0be20c80aabd2","0.0132","public/art/thumbnails/time_travel_cat.webp"
"968713f0d096ccfc0d8e1ee16c468dee63e6d3b9","0.0128","cards.html"
"d3cfa3243cc493371374156a97984ba09b985f61","0.0128","cards.html"
"949cc03d3ee3594527b3f7da3f56dd9482e08aea","0.0128","public/art/thumbnails/cameraman_no_1.webp"
"9e12999736fe4241f5e29613c206203cf99d332b","0.0126","public/universes_beyond_logos/thumbnails/alien.webp"
"8f82cb02946682a42b0330c38ee6d619d05cfb49","0.0123","public/art/thumbnails/snuffler_s_bluff.webp"
"0ea3201d77314eb5c595c709b5f915e3b163afa3","0.0123","public/art/thumbnails/metafight_unused_menu_sprites.webp"
"358bf9c26e08c7696e21a8ca9d4c184bfc95a5b2","0.0122","cards.html"
"5b5a020a62dedc2e9b62ffe3db6c256b6e53b682","0.0121","public/art/thumbnails/tashana_first_look.webp"
"6dbc0cfd3430c368b1de79d2f82acb95aee4ef79","0.0121","cards.html"
"487e3a55325e64f2e1767416a7ab4fce92162c95","0.0121","public/art/thumbnails/court.webp"
"a2c58a07d97100b4a7b326b6a18f6303ac1ff9d8","0.012","index.html"
"6c3f00f7e18f906d30d502327ce18bacfbba08c7","0.012","index.html"
"7081252f3f6f581a661e5270c8a88790d9c1a808","0.0115","cards.html"
"72d394236180e5d63622479519c432536659bcfe","0.0113","public/mtg/thumbnails"
"06c91cfa831cec59cd4dd81bf76f93271282bac1","0.0113","index.html"
"b7b25521afd7a1ab527bac94f189670611cff6c4","0.0113","index.html"
"e8ae1ed3048d38fa52597cdbb4361c88552687b8","0.0113","index.html"
"fa6956b804d4694efa4fe2fcec0f18c490d686ce","0.0111","public/mtg/thumbnails"
"6bdb6b4c424f2a96c20fd4b9db04beed542a4aba","0.0108","mtg.html"
"98a3b7c5f01943f81b554d38273856cfda5ced4e","0.0108","mtg.html"
"95d433b0d8b60b23166e5275e9df02b97e6345af","0.0108","cards.html"
"37d27320353be9190a6e843e295f46e855744e9a","0.0108","public/mtg/thumbnails"
"ed11aadf3b0ebb48c2441f40c970c8e1ef4d0a3e","0.0108","public/mtg/thumbnails"
"1a06d13b8afea151d30a002b8b978886d7e816b4","0.0108","public/mtg/thumbnails"
"44d06079e484eb6220b3d5e7495cf559005c92ce","0.0107","mtg.html"
"d328ed79411f30e79249ab1f5afda40303852c3e","0.0107","cards.html"
"b6d3ef82436028a325bbc2bce84136f3ee53f775","0.0106","cards.html"
"124c25fdb1a5a358351fe8c8eb540146fd2146b6","0.0106","mtg.html"
"da11eee99d55be51fe8e38062b8e6e222e14c952","0.0106","mtg.html"
"871f18f07a53898d9939cec40b323a1c7d2d395f","0.0105","index.html"
"08f34576a8f10e4df8506f7dd99b07def9a0b41e","0.0105","index.html"
"8b320e5005096a040d4c59d17a39fffb91706764","0.0105","index.html"
"0f444849ecf257dbf666a46c3967be6f3acb0766","0.0105","cards.html"
"ca2b1225ea489bdd6eec33cad3bbef8d284bce63","0.0105","cards.html"
"e53bc2f93271feb442adb268bd8a3f2675661096","0.0105","index.html"
"9945d07bd9923dfa8a73bffc320762a8ba5f2f98","0.0103","index.html"
"2d70dee2ffc25e70efb05e9fad81c7eb7a69b074","0.0103","mtg.html"
"50eea9c077ee60a9fd7f68021e1f6a6a40cf90bb","0.0103","mtg.html"
"17a98a06e10067b9810055205268edd2e15a4507","0.0103","index.html"
"a3d4156ce2c3d9a818b4b4935c5f0436018a6f1f","0.0103","index.html"
"ecd26427d3e0d7ff0b088581a246edd350981cfa","0.0102","index.html"
"f7da35285a49184a7cf5ef186d7bd46b809f3c09","0.0102","index.html"
"89451ca9952848f5a863d694c5c6d62b5e8c7ecb","0.0102","index.html"
"f5a336f46522b812aaff29d48cb1e9e5a700e0b2","0.0101","mtg.html"
"195501d2498802d8643dc02cced84c68f2bf081e","0.0101","mtg.html"
"950cde47dcecc9acbdfd0faf0e2e29da9f8738ba","0.0101","mtg.html"
"7c9961e86a2085fbd0aa49aed2ebf22616ff060d","0.0098","mtg_card_pages/kpop.html"
"32fc9c9389bd8b773020d173ee0ced18895b77c6","0.0098","public/mtg/thumbnails"
"e448589799890a6b6da57170f02e8ee82ccecb87","0.0096","index.html"
"87c29c371c0b9ebd4d1ef6a73bf52780e849e2db","0.0096","public/mtg/thumbnails"
"4935f2a6bb8e16f269a76527469fadbdcee2b2a4","0.0096","public/carlmarket.png"
"27e8b6d22eba7f8c682bc5d318db23107c135e6d","0.0095","processor.js"
"8a91dfd7ee1178cd721e080e001258bdf8204aad","0.0094","public/art/thumbnails/taylor.webp"
"5f2eb3e5391261664a48b409a95f0b6ebe95e9ad","0.0093","index.html"
"6e0177377715641dd4ceb72ad603091a970f2e34","0.0092","processor.js"
"ca84c4904bd066c9809a9e553d9b2f6c9f10fc2a","0.0091","index.html"
"e5adfb46bf3c2dba320209fc574a54bbb2f68233","0.0091","index.html"
"a924195fd92999d4d9ec6bafe36eec31832a8045","0.0089","cards.html"
"db412045c1a9394fca3c6e137c0b52fd041fc779","0.0088","index.html"
"dd56580be31a0600a0c4ee500623c4b9213157d4","0.0088","index.html"
"5621c70f01f04268ea3193bf5c562570118a1f7f","0.0083","index.html"
"bd2a4f5a82309a939cf4adec29de3379de9dce12","0.0083","index.html"
"8ecfc82b063b9fcf8e17c7982ab1c06b88d1a468","0.0081","cards.html"
"f732756c85d03ca01941f87c4869ff1a4678df2d","0.0081","index.html"
"002a6ce15c6f873fef48d5e3ad68e1c5b673dff7","0.0081","populate_webpages.py"
"d3599d9baa71856daf9dd2482f5d0b8596aea9bd","0.008","cards.html"
"e15b02c4477ccea46fa68b61f082d0348b41d963","0.008","index.html"
"d9cddd7d78badd2ae32bf29c3d62f983b4f00473","0.0075","index.html"
"dcf4722c9bd253d907c3dffa210a8890a68d1fdb","0.0075","cards.html"
"c1705d0d107da24aec6d43eeebbfafdd8b365f54","0.0073","cards.html"
"30bd4b550dabd7086eab461581350291beee1aa2","0.0072","cards.html"
"8eaca7856bb16b866d72c82d574468fccccf4850","0.0072","mtg.html"
"9ef0dbea1c37f86616588c14f980411fa96f1d7f","0.0071","cards.html"
"c3a541ba37edea7d12f48b4f5f091fbf9cf47539","0.0066","index.html"
"702ade9da94ccf90f0e9de5d8c64c5aa51953513","0.0064","public/art"
"2c01c6b98b9ade127852393ff51c599439b79117","0.0064","index.html"
"171061dc0fd15413d2207d321142d6321eefdc54","0.0064","index.html"
"3013c22fa1ca37d9bb0d433efe04b161a34dcf70","0.0064","index.html"
"fcb45f84d9f9105b7b702965ec67d767bb63d63d","0.0061","public/art/10_black_and_white/inquiry.png"
"99979edba12ced721b2c5ca37f8133d81145aa02","0.0061","mtg_card_pages/bonus.html"
"aed69a80363b8a0e938d8fa63f10350c05a5d4f1","0.0059","processor.js"
"8006c46932a663c0298958231098a26384e456af","0.0059","public/art/thumbnails/square.webp"
"056f1ee27d578c6bfc8436ec22d319ffcc8ae51d","0.0057","public/art/thumbnails/color_image.webp"
"eb3d7fda71441233dce4ff719b6ed5ccd4f7dba8","0.0057","populate_webpages.py"
"ec1b84a77f6bc7e054834236400040f40f323387","0.0056","populate_webpages.py"
"89301d6c3291dc771ed745c408ff199a425f9411","0.0056","populate_webpages.py"
"0a2d73e2ecee2bcf6295a1fd850248301ebf9a90","0.0056","public/mtg/thumbnails"
"26114b784cd6712f08802a9eb9325d76d8958115","0.0056","mtg_card_pages/metafight.html"
"fdcab1ed5c71f88b68c368eebe5adf6dccfa8dbb","0.0056","populate_webpages.py"
"758b8efe8c5ffdf757a1d4d3c8789ef15aa93ab9","0.0056","populate_webpages.py"
"c48cd98a29a692b31b3dc9dac8cb7b0b405d296f","0.0056","populate_webpages.py"
"4a5d38f2a3e25a2debd16e92a295cb02a636b7e8","0.0056","populate_webpages.py"
"3806fe980486fe6cb0939c81b445cf4d5b1be10d","0.0055","populate_webpages.py"
"ac94e8f168c6672ede8e2c05379b19df7a5f3c32","0.0053","mtg.html"
"063802272d9fcf8cfcb610f27d1f960e9830fe9a","0.0053","mtg.html"
"502f7447cf28342aeb5cd6d0a96e71e217eb4dea","0.0052","mtg_card_pages/niall.html"
"552700c0af0a5e9af41cf0092335a7d99ec8863e","0.0051","populate_webpages.py"
"363a95c2f1b631e00d62b4bfe7f62e14802f640c","0.0048","populate_webpages.py"
"22921c32fb502a084860fbdb86248094361306ec","0.0045","mtg_card_pages/elesh_morn.html"
"ef891bba73a3b3de635f26722bc2fbf730cfa537","0.0045","guides.html"
"1efa3ac05682d64ed4774423f9c355333ecc22fc","0.0045","guides.html"
"22e8d3b6affacdc4e374c408a12577903774de88","0.0045","guides.html"
"88e5cc827244f0ce3aed7d4252110533e6d2f3f3","0.0043","fine_art.html"
"0a09fd26fa736a46190a11f33f570e0452779d1f","0.0041","guides.html"
"de3244522391c8542fc5f68c830fb5c82128e2e7","0.0041","mtg.html"
"bd2be28c054453d6913b01521f7952e98fdec737","0.0041","mtg.html"
"1974844f680d1ace8c9210ca4bd67ac22fca6640","0.004","guides.html"
"494cd5e545ce2afd06fc2cb4c84208eba7e73d9f","0.0039","populate_webpages.py"
"3f2fed240e9baba688d9c4c0b8e02f6dadba298d","0.0038","mtg.html"
"5032dd9cc70098a38cc916b560dfc3091029d175","0.0037","guides.html"
"685ebdaf452ab193a7d54b07581b03242e7f1d13","0.0037","public/art/thumbnails/metafight_unused_menu_sprites.webp"
"a48b62d3bda75c2ce271b16e53305999bf4a429f","0.0037","guides.html"
"d5608c2f1d7dcd6a4d4f4f574dbcac200fb934eb","0.0037","public/metafight"
"582654e00de7936c538f7cd79a2d53aac51d0bb6","0.0037","guides.html"
"b09925e8bd5bb43954f5411564fd13c2b1190a6d","0.0036","mtg_card_pages/magic.html"
"dac1068075349a1f47cd1c10e5b408732a2857ec","0.0036","populate_webpages.py"
"9dde520924b662804dd00b442d7e925e909a4e48","0.0036","public/metafight"
"5b5b2482eb2e29f92603cfcf6a45ef6a9f03ab2c","0.0035","populate_webpages.py"
"fce569bb707318273dbdbc55ddc26476ad748677","0.0035","populate_webpages.py"
"6608fa870e0a7cf9a323f9f2ce6aedcc87e53809","0.0035","populate_webpages.py"
"5130254be4c671cbd802e1a2edbf12ac8a0b75de","0.0033","public/metafight/thumbnails"
"6984b5462a5ef48ac1668b003805d47a1a503260","0.0033","guides.html"
"bc9f59e1c96bbd606a853531b0736d54c4724ac3","0.0033","mtg_card_pages/_earth.html"
"e49572a14302a8dd50b328f77fac1f83576d14c9","0.0033","mtg_card_pages/alien.html"
"c7d85da7b5700102e78d0c3da536b9a838d20eee","0.0032","public/metafight"
"280d24d34e76330c40166d82e8ed70caeeb88d6e","0.0032","public/mtg"
"552a89ac8feafceb58119712e072c2ffc1478759","0.0032","public/mtg"
"d2208c1ba1a840228d47565fea679a208a364e86","0.0032","public/mtg"
"832f966904d4c3ba0fef47af90018a12a02280ec","0.0032","public/mtg"
"99ea449718df390b19fb03c30f5748cb51cb53e1","0.0032","public/metafight"
"45e4ad2747f0b3572a527403c03176aea93d318c","0.0032","public/mtg"
"3a1954c0ac77ab224b2a2e8fefcf77caa580015f","0.0032","mtg_card_pages/mariah.html"
"a3b236b5bf2832114ea91046241845fa210990ba","0.0032","public/mtg/thumbnails"
"c470c3d79593cb50909010d82c47fe2688b53640","0.0031","public/metafight"
"48697a5bd25c05854ea21a6b109ed55e8fd3e05b","0.0031","public/mtg/thumbnails"
"5ac8cd87812f66e0ed93df525422301fa1575ce6","0.0031","public/mtg/thumbnails"
"8ac8667261b86c418e9f26706da2e095c60556fe","0.0031","public/metafight"
"d6eef94ae7478b81d0dc5437f2c452eadceed862","0.0031","public/mtg/thumbnails"
"c2fe4e9e9e68fdea2f6fa06e4341e589b726c035","0.003","public/mtg"
"13e3efaaaf8a00c5fa907d62bbc0e797de4059e4","0.003","public/mtg"
"110be3d4615796eac2371d1dd0f59ba64e24cb2a","0.003","public/mtg"
"6953dfbaad1f63c6977f181a4f51d2663a44f55e","0.003","public/mtg"
"1c47a17ba03e8e1e58d89f9e456503045059cd84","0.003","public/mtg"
"010b7e9a5ae3eeaae80dc475ef517dc14e98e1ab","0.0029","public/mtg"
"3ce0421a8e355b6c21a5f508c246e6baaa440aab","0.0029","public/mtg"
"8b0b72aeb2963ae8bbf0a5d63cc237bbcf807741","0.0029","public/art/time_travel_cat-15.png"
"ac2588040a61980b820f33db98bb7187b479619c","0.0029","public/mtg/thumbnails"
"f42dfb118f8445465a5daba3944ae7b97697162d","0.0029","public/art/thumbnails"
"e191454e8f6fa416a1316c058fe655f14abc5830","0.0029","public/art/thumbnails"
"6af278f9911ae37f74c90dab6b027fc81d964146","0.0029","public/mtg"
"c1bdce08aecfbedeb6bb9321f63345648a0afaa0","0.0029","public/mtg"
"26ae8b7cc640a2f2f0ac79407c5e434321bb2127","0.0029","public/mtg"
"015cd7fbdc0bfc1c9ec29f0992906cae29f40ea1","0.0029","public/art/thumbnails"
"7565918a83e64d70a92689ec76f6febbfc1646fc","0.0029","public/art/time_travel_cat-49.png"
"f91c2e7a06bd975601f526d16c98d570464211d8","0.0029","public/mtg"
"63bd56dcff43961af8d1792157386a36e28a74f1","0.0027","public/mtg/kpop"
"d3fc881069182f82af9d9d5b1f2208f3d603c997","0.0027","public/art"
"8f6b351f7cb2c1b0e6e45247550542c4a497d8e2","0.0027","public/mtg/kpop"
"66dafe64617fdfd3592acde6bee4febadd7b236f","0.0027","cards.template.html"
"4e35393aed6f9f7a52f7935bc575a37ed5deea12","0.0027","guides.html"
"20c4c8300258dfe10167137f23a7986af7d717db","0.0026","mtg_card_pages/hhhgregg.html"
"ebc38544940aeb32519d64bc6ed8af8a05fd0749","0.0025",".idea/inspectionProfiles/Project_Default.xml"
"cda918b11e332e01c48560d1ada345f3522f0dcc","0.0025","populate_webpages.py"
"fd36f8e8d4598dc9b3ca4073c8702dcd545c62fe","0.0025",".idea/inspectionProfiles/Project_Default.xml"
"35cea10315a69f18c23a769f0dfbd559be5b101b","0.0025","guides.html"
"eff3c5bdbe69ba33c72111a0572c49f321f3f0f3","0.0024","mtg_card_pages/minecraft.html"
"4943b107f411c133eaac07fb23c33ceed23ee70f","0.0024","guides.html"
"4d35921401a42b218d54db3f2f6fd9127d064678","0.0024","populate_webpages.py"
"1a962407533131b26f7557b8508fe0b11f9b076c","0.0024","public/art"
"71a5665cc77963c3db25f03775a509c2d2973e0d","0.0023","index.template.html"
"a5b74fbdc85fe218e43b5852c81f9a5923eeda06","0.0023","index.template.html"
"b7e32afee1f814c03cb230891ef6cc7cf2c5c3ff","0.0023","index.template.html"
"ea574d389ebd4dcc6070d30dbd00523a6aedefcf","0.0022","index.template.html"
"3cf1cb3c7eb36920e53a075dd4bd702f278a7a62","0.0022","mtg.html"
"62a88f4608fca8a57c44dace27e5c6f962faa3da","0.0022","mtg_card_pages/cardmarket.html"
"b1d42170b051195d5bf15919794393ff296d07aa","0.0021","magic_cards.template.html"
"51d79d2d4aa2eefe66ba301cd1011b042832081d","0.0021","magic_cards.template.html"
"55ee89dc222564f64ea21bcf9747be4209e17738","0.0021","metafight_cards.template.html"
"7e59b8e2c8f52d1e0247a6d40e24c1f52ce47b4a","0.0021","magic_cards.template.html"
"d9ee5879f0ba088ae07bae2aa79cd7094f51aec1","0.002","public/art"
"9e59b04e2ff5c0d13cd2defaf2ad7d10187206ac","0.002","public/art"
"478cb50f88314139ec47d5283bf1d0700e33ea07","0.002","public/art"
"7a517957a87ebed68e62b93336e05b36f4191640","0.002","magic_cards.template.html"
"053d24cb8c24ec73e43592b60389a1e33c253c07","0.002","magic_cards.template.html"
"32753d9c18693bfbe4b01dd31f30db3335d41caf","0.002","public/art/thumbnails"
"c96f91beabe598b888dbe3a3d94a9eb884ae624a","0.002","index.html"
"852aca6ce1b6443e38e6cbd60e9c4b909ed1b3ef","0.0019","magic_cards.template.html"
"6cbfa17860d4f8533c07f892c02228c2651131de","0.0019","magic_cards.template.html"
"167718660361a57538a9e41f65341060b85df94d","0.0019","metafight_cards.template.html"
"2162f635625059dc48dfa65829b56f6819366679","0.0019","metafight_cards.template.html"
"7ceded0a7394d7a13045030a1300bb880dffc2d3","0.0019","mtg_main.html"
"7c416dde20b434c6e15efdbf67daaa271ebfaf26","0.0019","mtg_card_pages/thumbnails.html"
"99f7c5a189649105a51f143a1d9763a59adc8ab1","0.0019","mtg_cards.template.html"
"2eae89a9e6a69641c41eb36bb89f99da5bf4fa65","0.0019","index.html"
"ac1fa5572f516e5eaf276ac5cc95a641a955652a","0.0018","metafight_cards.template.html"
"b811c54e1a66085b91fc2b7f44c0d59d085ca54b","0.0018","mtg/index.html"
"c7c7dbf858413fb9b4fec4a55f38566f0a62d730","0.0018","css/style.css"
"74c607a101e3f4f4a07dc2dafb8c2c8b0f4a98b4","0.0018","metafight_cards.template.html"
"3a260bf27500cf37194c35bd1aafc085aa1d069c","0.0018","metafight_cards.old_template.html"
"b2c86cc7423d0d6ecfc58ee7a2bfd3112d354460","0.0018","metafight_cards.template.html"
"34cecb3905d1a97cf1ac4cff97bef0d617968bcd","0.0017","cards.template.html"
"0030bcd43a595ed3d9b372e1ec7a9b1da501df12","0.0017","magic_cards.template.html"
"c900d08273a2619f661a9c6851b6eefb34910e6a","0.0017","magic_cards.template.html"
"d1c46e9fe768b24805dd2bbbdff1c56ec942b2bf","0.0017","index.html"
"898bb91bf0437f7f7cdef783a9d6c0eaf086cd76","0.0017","index.html"
"a60a7e4fa7dbdf1161fca5e03ac7e293480adf79","0.0017","public/art/thumbnails"
"2ee1d42e9e44b70252b7441d5b7b7949b4ad1eca","0.0016","css/style.css"
"4d560eb08cb3f6e7a63dac25c6db11d555bbbe7a","0.0016","public/art"
"f81f3445ae30aafde1a363b353a7a5309c523768","0.0016","public/art"
"099d7a270c418948279b4fe8e442f3a855fac2d1","0.0016","public/art/thumbnails/inquiry.webp"
"7561e2458e0fd8a1df2d54c855b5a0db0c4a5759","0.0016","css/style.css"
"13c3b10ce738d57d653fda4ea9ed67529cdb6fd5","0.0016","public/art/thumbnails"
"aeaa10ac9f1c1a6b6ad167f6188decf8ec99b95f","0.0015","css/style.css"
"54a8239e6e238110b593f6959272c78147d7f009","0.0015","css/style.css"
"9e4758768b8c6ce8e7fa298622d123c08e72e8c5","0.0015","css/style.css"
"61950c3f01ecc6604a8410bac634df793d84c0d0","0.0014","public/art/10_black_and_white"
"06997e8de817b8933eb06df4fa95559b6478ab50","0.0014","public/mtg/bonus"
"dd41f9ba88d38feb0b607a27fa5c3ba4adf7758f","0.0014","cards.generate.py"
"a294e4d293b3c1bd1967ac88e5ed6e0da8a07fba","0.0014","index.html"
"de12857d69f022b504a8cccc9893afda31f223af","0.0014","cards.generate.py"
"c676bf3dfcffeaab3f866f3af8f6ab7603c18fbc","0.0014","index.html"
"cbbf02f878a41e4d699e732bcebe9da10615541b","0.0013","public/mtg"
"96be81d533ffc2a759f94d7e909205c1de5d4f95","0.0013","public/mtg"
"217d111b6a0f047d16c611bd250b3f492e82b18b","0.0013","public/art/thumbnails"
"055ab1b688f3923c128a42f12abac3795bf7e2f7","0.0013","cards.generate.py"
"ffb1473a0b9cadfb471eb213550dde31f96cba0d","0.0013","cards.generate.py"
"f5dc339cc094cf99222a9f3f8b1fee7e54f7a253","0.0013","public/mtg/thumbnails"
"94fdd94e252711ef10a7ceb52f47a851c1a25f3c","0.0013","public/art"
"66dcd692c38cd73cb50386276611e51a110539db","0.0013","public/art"
"93bdea6f1911d3bddbec74da27b6a1010edf0992","0.0013","public/art/10_black_and_white"
"71c092b4daea8ac80dd4d54c73ea938d5651b205","0.0013","public/art/thumbnails"
"8e88cfde90d096b5530b50176fb825c36634ea50","0.0013","public/art"
"2869f0d605c9950dc5e8c4aa975023919baab7ec","0.0013","public/mtg"
"7ae3a767ca9f0cb2221eb031d39f99d0e381c787","0.0012",""
"2f66e963cbb7f8a9a2518aec1e460d264deb2ef8","0.0012","public/mtg"
"d31b2e85e3a5ff953c9f20191eec3aeb4a67592d","0.0012","public/mtg/thumbnails"
"1ca487a3eda66031564c5184fd0847749304be17","0.0012","public/mtg"
"6c26aba09c95e31f41bfe8cd68264670dc24cb64","0.0012","public/mtg"
"579af82b04ec32731a4717099fd155ac5be0cafa","0.0012","public/mtg"
"ce24e68eb02c74ea92ae80a8e85e10acd0966937","0.0012",""
"c49f0f85a857460b2864a472863c52ec52d7bf54","0.0012","public/mtg"
"0f8c1626dcb903ba6e950a72c0da4f9f027103a7","0.0012","public/mtg/metafight"
"6e167df7b84d86d5f23971d26f99743e1c39cbbd","0.0011",""
"1b11aa7d52f311f885321c35fb4c7a5bce39a9aa","0.0011",""
"8cb1aa1f81e6cc4c4a640091ebdd1e0058f11260","0.0011",""
"1d893aacdf90c0d55b143b0e634f0cfec106e175","0.0011",""
"1601b70ee4703829417066d033931fde1d7152df","0.0011","public/mtg/kpop"
"55b977756595bdd0d7dc532eba65bdd112c1a6f1","0.0011",""
"1e6041deea585b48d5b248283c29dbadac2291ae","0.0011",""
"8ba60de2894f10d79e011526c39075790ac14d12","0.0011",""
"8ac3b199a7a5d1ee077e3f9b11ee205b973a5bba","0.0011",""
"4bb3b71ea99d14040277a5d18a50abeae80f8730","0.0011","public/mtg/niall"
"b0b411cc446d406b26b695536dd30b9c355bd530","0.0011","css/style.css"
"385b28e457fad5255d70ae6d7f564b58ab620447","0.0011","public/guides"
"f12b95170d33dd6390558371ffa264b6ff56ecef","0.0011","public/guides"
"567c24d0c539c4134dc063d3e698d92324609125","0.0011",""
"2c9b85cc77142d5b6bf8217886b1bd398786ae57","0.0011",""
"48342fafd3906ff8b0fe51acb94474b6501c4535","0.0011",""
"1e612a78c4dc6a7da81053ce8f060aec18b16702","0.0011",""
"70e5df4446128b152675dac7519bcca3b5f8d242","0.0011","public/guides"
"3a101f805a2f6fb9472634289eba39888c43d88c","0.0011",""
"7a931ce02f87fc24348f75fd74b2f1f44bc48d25","0.0011","cards.generate.py"
"553706257f483cd6a06e50add8a373cfe39211a9","0.0011","css/style.css"
"997a3d9b7ad455335991cd02ac2880942eab0903","0.0011",""
"1a3d642e4ff0c56223b7627f8e4db87b01d0d3a5","0.0011","public/guides"
"7ac69ec7f6f36fd4f9a8fca94b1f507d422f3a0f","0.0011","public/guides"
"f9e8a673d0f346ac8704ef740c6567cf91dc02c1","0.001",""
"62a5573878205069fa11c9e35e8fe1aae446dbc9","0.001",""
"278cce1f2192459a1e9640e8e8eb73505aadcb46","0.001","public/guides"
"c36e7fded367f8cc1f5bab83e7f89fa114a37218","0.001",""
"b592b3516764b39f3228e3237e89f606876c21ca","0.001",""
"282b89bbb1573d06724a37b89499c8aeed98a48b","0.001","public/mtg/references"
"0778b702af08a51fb6e09c09be4599a98709bcb4","0.001",""
"e9a4f011485c3302c81b90de9449fcf7b96b8dbb","0.001","public/fine_art_i_like/thumbnails"
"4112caebb93abb0cf1c7c6e65f874b889fa393a4","0.001",""
"202bb43b3c76edca4754c2fe29a930e4f5618ebb","0.001",""
"3d9ad156ee10bac97e38f3bf43ba634105670de6","0.001",""
"cf9381e918ea65c99af0696360d67d45b1284967","0.001","pdf_to_png.py"
"2ecea5ca94973825f6250f5a53232c828012f14f","0.001",""
"3ebc18b139f244e58cda085e349110bbb4a7acfa","0.001",""
"22ad06fc35781a8a5b07d228d89361bc9bc37364","0.001","public/mtg/niall"
"8d4b192c49b4be3d680241f45adee3ecae1b5f00","0.001","pdf_to_png.py"
"c2359ca8d66887ae88c83887f3eb56359a2f73c0","0.001",""
"e8c0a9532d32ff1ec25ee76e7a8cee76aea3d5eb","0.001","pdf_to_png.py"
"4fc67946ad0a73ef9370d90341a820e659970579","0.001","public/mtg/niall"
"3a883f8bba80d1348d06a35951ceaac59271e14e","0.001","fine_art.html"
"40da0e6f2838ca331e0c3c1e4c26f1d0540219c0","0.001","cards.generate.py"
"7ac4771d9390d3819519192d5f5c86e01a605573","0.001","pdf_to_png.py"
"64c8f72fa4e66f20637744f18e7ea763facb2379","0.001",""
"fcd21fa5705953d31e756ccdb81701545e5c1f88","0.001",""
"a0b711a0ff708b28516090f30b1f62a8df535875","0.001","public/fine_art_i_like"
"d2a6a9f7f200076b636fbe93297a6abc13875a9a","0.001",""
"e0433ed5b4a35e1ce6367c14bbb18691fa3bf039","0.001",""
"d96936c917329f4c2087fc4ac7dc9d932459ff10","0.001",""
"4498895e31d153db2d6e5fe9911f5dc907c97ac2","0.001",""
"8a281f3cb08954e6c8ad24ca48624d2f4bccbc1e","0.001","public/guides"
"d16a50d05e7683d038de23d58593786cd85a8714","0.001",""
"ba93fbaaa7b4c3b973bbaa1c8153740fba25b941","0.001",""
"b14bd57e0bcdcd3e2116e657b1d3d6b8f40c628b","0.001","public/mtg"
"269668ca6f40654335e7edc84f4364dfc0fbbecc","0.0009","cards.generate.py"
"a2da0aafcd0f575bc69563dfd537a152d8691a7c","0.0009","public/mtg/elesh_morn"
"6152782e8c30f5b4775360ac6952a887550fc480","0.0009","public/favicon.ico"
"72e66026bb0c05318a126d7233b3c902a66019ef","0.0009","cards.generate.py"
"8e68d518d8903a8a5dcf6b1f70a74d414f30d770","0.0009","public/mtg/elesh_morn"
"ea75bd8cb777b361358e047719b58d756907ad96","0.0009",""
"222db1400c9f75940c73f29532eb53bb03b52db1","0.0009","cards.generate.py"
"5b849c341a29494ade49f5d710c70420d7b4801f","0.0009","css/style.css"
"ff662cb0613a8f1502e0c53a96db781846b672f8","0.0009","css/style.css"
"2e697b0a18e1dd8d882f0714ee936b993d8c6cb7","0.0009","public/fine_art_i_like"
"410044b85e21875e20bb90a9219de902a3ad0252","0.0009","public/favicon.ico"
"5eb77f5665f4564bbbaee725d33e97bccf120dc5","0.0009","public/guides"
"d51b3a7be495f4b55bb8830743eed901dcb9d3f5","0.0009","pdf_to_png.py"
"c8dc84f2a3934a5fd9ce34a7cd12c60c418fcd15","0.0008",""
"e0c1efa713bcbf6f8d4d56c62c3299b1704f3489","0.0008",""
"cb0d95de8af568c43ce75a8836dd8a234236f915","0.0008",""
"1913e9c4bd9c62e7df6a6d2b607efd5d9036d60f","0.0008",""
"b9ad06092bed5c24fcf0c56cdeaeb05829c9316f","0.0008",""
"31f59d85898618d21e9d60ee49714e9dd3e7584f","0.0008",""
"d23fe14f991c174277dfd39e2c08def6e22b9a49","0.0008","public/mtg/elesh_morn"
"d4332b8e95ed34ce0c57645333a54ca859d9ebbd","0.0008",""
"c6b52a0bbd3cfc68f81b1015b75b4ea2c4b4fa74","0.0008",""
"d84536676f4a4cb83043ca9cc5b850407ebded7b","0.0008","format_filenames.py"
"70002eddcf864a00d4a3bc8e742e1db3b6aa78ef","0.0008","public/mtg/references"
"1fa674a6f2acd352c2ffb1212be45dea81216f4f","0.0008","format_filenames.py"
"0a8f07b3b64baac9ea2f6a66f1cb521b10fa36fc","0.0008",""
"ca472734c8f4f835cf83af59ba038d09812efae3","0.0008",""
"814fd00f87e94c9be029983c7b007fee032dcf8c","0.0008",""
"9273896f6dc976f6ed159c8e6cda4bba739c0966","0.0008","pdf_to_png.py"
"20a9f239e40c64e107058418324e67147575f823","0.0008",""
"315007e12c8abcbf6386b06834f8e4e3697e8465","0.0008",""
"e7c710993d385e8aa78b6cab3cbe7d4e0a387c13","0.0008",""
"b0dd11bf983aadb813c20b3a05ed24d9246cae9a","0.0008",""
"b438cde90a8b9730af802a68a44625830a0b39e0","0.0008",""
"248689fcf867ab0b1438ee03e915e2ba5e565962","0.0008",""
"429f13a2fd8ac5c3de28eda5e6a376696d0e0a95","0.0008",""
"8ed43c03750e2333d7d68527273c676d4229c20d","0.0008",""
"6786bd07d12db645072339e9e7406ad6dbadddec","0.0008",""
"b376dba0366ae72262ccf9ada43716530b36bc56","0.0008",""
"5ea72d3dec8dd41d85135984535d9a64b3a96a16","0.0008",""
"3680edc520db2103f9013c2f9e4546463cccfa8d","0.0008",""
"29841540b92d37e9b763ab1163260867b7d6217a","0.0007","pdf_to_png.py"
"92a9e332a8793cc6301e8f92cda024843a336963","0.0007",""
"ed2cf78db95c53429d3bba236e171f7f4d4c30e6","0.0007",""
"062132c65eeef8eaa616e1111a10f8c8786c33a8","0.0007",""
"fde618c90c29f4ccb12804e7c493997be4e4bad6","0.0007","fine_art.template.html"
"1463506ae06281570472b6b1b335a521bcfafd61","0.0007",""
"5d68719140f38c0ce66bbf0efa0c202f7d8a1740","0.0007",""
"332599dda7bc64712da6759182f070c4a503be51","0.0007",""
"606c6ab85a7b98cd6e0e3faef1110e8f5f81bc27","0.0007","format_filenames.py"
"5b9c5a713962e47b3245a4c96055a2e9c9fabfa0","0.0007",""
"9db92e38ccf9d4171b4978ff6e1d3780485ff191","0.0007",""
"b9a701c4e897111ab45bb77932ed3c8d07af4fec","0.0007","format_filenames.py"
"48c2725cc22aef5c18d050fe007cedcd618d2ca8","0.0007",""
"5b9153264a1fb8c0e08062f671bf24cf8641dd42","0.0007",""
"92508eca01cc7baa485f6e32242f66f24b2fcbb6","0.0007","pdf_to_png.py"
"761d8fcf1f2678c22b19f1a5538f0cafd26a55ad","0.0007",""
"64ea1b9680cb9a0c2128b6f63551667266ceea36","0.0007",""
"5932a5dacdb79b34a535cff21247bee7e09f8eb3","0.0007",""
"cdfc9f232a60c454f7b5e2af5c1f882f56d1b9b3","0.0007","format_filenames.py"
"19656cf1c38c3415b5d3779f17ad62d228b0edad","0.0007",""
"fe0858ad37c08c9bcd3b96d6f79419b8ee4f0af3","0.0007",""
"a097eacbf174c6419274a5c7b921ebf03ac988bf","0.0007",""
"f885d1c6f80c8c4d218b1a4bfc9b0a1585071a39","0.0007",""
"eb533ee0ccc4b84ba557ac2e33a03ea532a2f984","0.0007",""
"f2efc56ca318147e4e2193f550b9e6f60ae02b9e","0.0007","pdf_to_png.py"
"d9c8c8514ffc351c43082be96d74ab63df32c4b1","0.0007",""
"4cc3c8894612d3e42741fddb0aca48a36e55cf42","0.0007","format_filenames.py"
"1243b43b95d73804342083b0bb03678a3a921cf5","0.0007",""
"f8f7b8cffb42a85fe42e60277e61d6b63dd653e3","0.0007",""
"fb60f78d09fc04fc028c1c36f9b0d88d99fc8be0","0.0007",""
"9a6e3b1abb287387bf25b8e38002fcf67eb9ddd3","0.0007",""
"84e1186be468d983ac5159ed4aa3a3bcfce843e2","0.0007",""
"efb3075fe74724361c39b2e0cd4156a80bfb3a83","0.0007",""
"92b7e7cfcb79874702ff888420e21d418ab48ed9","0.0007",""
"cfafae5cd8b606c3473a35ae61ba984256f068ac","0.0007",""
"4994922bfb260073fc303b1b695f44f446aadf00","0.0007","format_filenames.py"
"1ef78abd461175e3be50e873469960a45475554c","0.0007",""
"c5dcf70e12f0e9008a402080995eca5c3e689c8e","0.0007",""
"59398c204db2262266b8a62ce5f065c98ebece37","0.0007",""
"afe4ddaf7252ac9aecde382467d55d22164323dd","0.0007",""
"336304ced3a68aab6b5303233cf3fa2dd899df50","0.0007",""
"88abf7405b1cd6a15d6645ca5559f5e55489d8b2","0.0007",""
"652b8ee8155024cefbc6bf6e5fe59fe8cac0053f","0.0007",""
"58900cb23d0adc1d471ef9c12a0787409b0b76ae","0.0007",""
"65c8a6745ab9bf893a2999b73aaa284ea3cef008","0.0007",""
"d48dfe7fa84be3035165c6b3e55c3e253142e396","0.0007",""
"88687e1aa1a3402be5834110077714b5676a2248","0.0007",""
"b6f96332852ac997540bac75a1aca59406ddd194","0.0007",""
"3c2730fd6832ef76f06cfd919a663387b6fcc959","0.0007",""
"c306ef072f2398bead564d083677aa103855e779","0.0007","cards.generate.py"
"4a6124ba22fb25dc51c7d0972fc1b52ff9fd1851","0.0007",""
"6c2e5f6538c64172dfec908ca3a3318b14fca884","0.0007",""
"c7184a8e675ba66990ba4c9c8c1d4e2b63d1ddaf","0.0007","format_filenames.py"
"f66fd42637fc17640c60156d41b1c2cd2af9de58","0.0007",""
"6a14817508a7deff21efa55ac1ca16c3ef5bbdf1","0.0007",""
"1e75087f873e74e32b5924900ddf89a0b5ac664a","0.0007",""
"f0ade74ca7a3d4cbd5107163cd9725bdf69aae0f","0.0007",""
"cd6785b182be63c5d3da22eeaf165e8c28b03329","0.0006",""
"f9b3a9fcd345751629db9195954094f6a901459a","0.0006",""
"a281a8d77bc50c1211637e5f940cbb0ffe1bb822","0.0006",""
"da2bb867f3f3a169422af2e6826bae00715fe0d2","0.0006","format_filenames.py"
"d84094e6e562285470547bec3c4c31356d622f16","0.0006",""
"7a2afc930efb4f36f3153bf3402dce7f04db98e5","0.0006",""
"0d07ff7336ac9a399ac62a2d9c72e2194893fa00","0.0006",""
"c999968b063faeea32cdc68ffc88df6d6824afe1","0.0006",""
"f255b98f848ac30fc2eb45cbaeebf0d27ab16339","0.0006",""
"0321204457c9810488c86293630dc3474ca8f094","0.0006",""
"54773c52a38dd4d4224f456aaccdccf467f06238","0.0006",""
"ae8d6c9b33c95f3c52f69be1b40395c0a504546a","0.0006",""
"3efc2ca951cc22336b536f4673d112b83fd1b32d","0.0006",""
"a28c84510f343f3624d1c1fca63aa71f7947b9bf","0.0006",""
"9160a28a07adaca9ce6a5a99ca9ca342ec9d82ca","0.0006",""
"f775a0653eea0a5912afc8560d23c4bab0d9b79a","0.0005","public/mtg"
"93d9729dd433a5ba5a1cfb82f9ccd2bc7aa94f4f","0.0005","public/mtg/_earth"
"7bc72fe89864be5913f419845b9a678ae6d2ecab","0.0005","public/mtg/realistic"
"c07466f77cf4ae3972c3909e87afeb3dd4179202","0.0005","public/mtg"
"7209f516cd782c21cdbd5f27337df76e9295f90b","0.0005","public/mtg/other"
"04b65d5ad898417758238885d3ee21df703add97","0.0005","public/mtg"
"a9fd3dddf992c7d60fa50b7524e7df71594a046e","0.0005",""
"ae5e1f374265c0e18f0a1797c5fe3c14f3efb6ec","0.0005","public/mtg/other"
"26b3e06267b43cdaca302a9acd41314a543040f4","0.0005",""
"e1fb17f7ba2e6827499c427e8f173675c78cbfbe","0.0005","public/mtg"
"04f4d72c0f2f2e709e9bf48c07feff18b793065b","0.0005","public/mtg/alien"
"f01a352d39b74a370d013ad12943046ed3faf4b0","0.0005",""
"95c3e080b6712f7d02fe95e3bff791911b8d27d6","0.0005",""
"d4f7ed73c3180000cb9ce4fa12140d437fb7da4c","0.0005","public/universes_beyond_logos/thumbnails"
"3f35860f780eb9bc0c76421647acea4f8008f6b0","0.0005","public/universes_beyond_logos"
"554589245369a42056f0aa910dd627ff3bb53b86","0.0005",""
"1772133a24f85398f32feabec5d884ef8c08bca6","0.0005",""
"2c60e05566cb8569ead85f3f6ed0c49ec5c5541c","0.0005","public/mtg/niall"
"4bc489491a9b006b59574a748b738d5c97df479e","0.0005","public/mtg"
"05b614f61b51d64764b51fe71ae7b75d92dafbd3","0.0005","public/mtg/magic"
"846b9cee4eab2b28a88eabbe6224a7bb60e0bffc","0.0005",""
"9d7f0a1ddd27ecd8f7ee63943ea18229c2ae335d","0.0005",""
"0ef27087f8cd619aacb27fe805cbf0090acb57ee","0.0005","public"
"587d380c4e6fe101741f926322087f5ecc3c7fe4","0.0005","mtg_card_pages"
"aa27ea06670ceafa6a8fd937c1313a18d9e030fc","0.0005",".idea/alexzorzella.github.io.iml"
"7f907948da94d08b028ad72f25ece9301ce2cadc","0.0005","convert_art_to_webp.sh"
"0e18b6f7a94318f2297e8e3d07e432dba3250545","0.0005",""
"9f0e3ccb327bebfc7691ebabc4cf8b3a69ce64fe","0.0005",""
"a224008cb8f5f5fb38721b1423330ba7370d15e6","0.0004",""
"b271fba9d1ec8ceac4649c97b68fe395f6462351","0.0004","public/mtg/mariah"
"dccba2053e6226743f8cc703e3868d10dd439d04","0.0004",""
"d5eab0a23cec9c86b1d93e9b628b625d9f5662d6","0.0004","public"
"c7f30286bc1d78f1e9666be503eeee00fe8914a2","0.0004","public"
"829a0230a42cd37d81aef2baa48101e297afe697","0.0004",""
"d23d12934f4c4817a0c1d20671a0040ff421c477","0.0004","mtg.template.html"
"826e85859ccc58924b912bf48791ba6ece0b13e6","0.0004",""
"e79aadc30142f3912aea17281bfdca60fdaebd29","0.0004","public"
"43d3352185d27d21e5adb433a98f7e3c88ac58f3","0.0004",""
"8f584a19ec2b49c77b587a6318f2520d252aaa2d","0.0004",""
"f187f1d50453dd5ed6cdb5f088ddef1186771a22","0.0004","public"
"cd1797f6c01c79b59070f157427a55b6bdab43a7","0.0004",""
"060d4562dc51d6bfdf78f97bf88a66c6ee518c8b","0.0004","convert.sh"
"f0232ee6fa1cfc29f91d7473492be4f0385b01ad","0.0004",""
"f72eb30628384e15c2cd3afa02f5d70c87cf5e33","0.0004",""
"524c5a659391a8e046a32590c9565da6692ccfb7","0.0004","public/art/00_illustrations"
"a633557a122701aba13d870e769fdae0b89cd997","0.0004","public"
"7f84120652180e5521e29cecd36019d0d5a3c041","0.0004",""
"7a8dd5f01b8ce00c5c771454eee2a4183dd1b6c7","0.0004","public"
"2d3fba20c5fa2af7362336abddbf1503a010935d","0.0004",""
"1b93acf40434b5cb651ce8b3cb3a797b8da3d590","0.0004","convert_art_to_webp.sh"
"283d14fa97820e418543b3ef14d3cb3afdfa3560","0.0004",""
"3c4dc64bdb6c1739831c00231a54b16b5d4127de","0.0004",""
"50e75461aa19a64d8b49c68cf3b336822329fe15","0.0004",".idea/alexzorzella.github.io.iml"
"54cf935153cae494cbcd928ee2afb3d8e4d2a54c","0.0004","public"
"24634a0c337ee80cf07af71322ce44ece190aa7a","0.0004","public"
"c5dc61935e9c41751ff837b58de0270e189380ee","0.0004","convert_mtg_cards_to_webp.sh"
"5dbdd445000307b4d44077baa354f36b5f5f9926","0.0004",""
"60b0120cd07fcef3f4af58ff72e78dff9c9a655c","0.0004",""
"8019aad28dbee32c744145d4e6f8c8818d0ce662","0.0004",".idea/statistics.iml"
"94db3f54777c36777df237b93a7ef8233c64311f","0.0004","public"
"14e9d86c1bdbd3f70d83380fd1d35fdc99be2dd8","0.0004","public"
"9a2ed8a809c35512e746c706225cc8f655aa9488","0.0004","public/mtg"
"32b67ed2431dcf13d6b60de28e1ce55f3927f518","0.0004","public"
"4f4350772e5d66e61d3f12c5dbf01dc08ef76113","0.0004","public"
"d01d1475e14ca3d6a6c68a50a0778bea1ad157c0","0.0004",""
"a6defec0208441400ff213cd2089b4991f9a2485","0.0004","public/mtg/alien"
"7386c7e626aad7be90bb0babd5c856fea0e70193","0.0004",".idea/alexzorzella.github.io.iml"
"0849803cbc02008eedbb9158522b9aeee00b32f9","0.0004","public/art/00_illustrations"
"a55ad007edf3dac2c29294071b06a91a2c50ad4b","0.0004","public"
"c45dba042c437bdd6dc028018c6540e314d36846","0.0004","public/art/05_color"
"771d3c0dc4836e874756423fc371243d8321c1eb","0.0004",".idea/alexzorzella.github.io.iml"
"056c03d43d13f49c293db5eeaf3775ebb3cd669b","0.0004","public"
"f7863565c3424a8b0d79b340ca07bf7ffbdf3418","0.0004","public"
"eb92c61f9a610521077c5b294ea7840f9d6eed05","0.0004","public"
"a31e5ad5f2e82d58e671bcabd92ad55c7787ff91","0.0004","public"
"c66019cc995dc346e24628cde5ec2a96de7f05ba","0.0004","public"
"9d0f18fcd5356cbc87cccfb3ff2b1975c51ff101","0.0004","public"
"d0087705d3f8ed0969ff1bcc4efb95f574a1bb60","0.0004","public/mtg/other"
"79c4656d68c6d10af10dd0e254a43c51c0424147","0.0004",""
"1794c1376883ba9643f801154085b2fcc811962e","0.0004",".idea/statistics.iml"
"2946dc0d137bdbc1a0db1f730491160c3bdb883e","0.0004",".idea/alexzorzella.github.io.iml"
"cb89fba413ac55572d29a8120be12dea44a6d96e","0.0004","public"
"0276ddd8a60f913cb09179b1e4c43f98738b049c","0.0004",""
"ca3c9a49f217faa74951bed4bbe05249be9e1dc5","0.0004",""
"7dcd55c880321d9ef9ac1e0b9b05e95e6ce5ac1b","0.0004","public"
"3a1833f47bc6887d323c680bf96d0f7059414c7e","0.0004","public"
"846d3bb93167e4b32b50b54dcf8c95fe29a885ad","0.0004","public"
"aa96850f98a5121ef41b7f153ac1c3e6c4c1a8d7","0.0004","public"
"589bbc8628baa089d6a439454939d4c8755802bb","0.0004","public"
"6284e45870d9b6b1f45a7f9688c700e024b1ba2d","0.0003",""
"0f9f849bafc99f21a23807b5db049f0109d17477","0.0003",""
"00ce1b684ad249d1077a5bfeffaf0785f42154fe","0.0003",""
"601ea4e47b75c8fcd23c0e8dd0582f9c71155dbb","0.0003",""
"9acee259642fd0e67eb702ccd62d514081df5343","0.0003",""
"53c0c343b9a8a2fd29d19d2c0df0f252619ac721","0.0003",""
"cd9b98e3c8dcf6f55667fe501a8aee31f75b1ac0","0.0003",""
"fe2681ec509007f5cddb1ee2e87d3c585365209c","0.0003",""
"fc08cb90b469df45be8d6392e41b34c6d9be0aed","0.0003",""
"d5136f745c08bc57c0403df7a4435970a90712e8","0.0003",""
"63c8c2eb72326aac7dc564d57324a5e705370126","0.0003",""
"a526e5875f0550a39d1547c5dee879151d358f5a","0.0003",""
"90d496d3942240b955f0835e85d7e2cc0559653d","0.0003",""
"bea60c2fe9eece7b063c635189dbebcca875ad6a","0.0003",""
"8202db3fb1b8960481a83b4164b7edfaa5ab9e2e","0.0003","redirect/index.html"
"1c91ab78b0d45c765e7b192121ad8011a7524f5f","0.0003","convert.sh"
"641823d5cbd35dcbcfa0bbb23649066ac0d86a34","0.0003",""
"1a21aed1d354cba0c639c7ca0a8295340996ac65","0.0003",""
"da400ba82c369363af5c5869c1eafb2600b5e189","0.0003",""
"877762f041e6bf8e5827cf87854aa0bc57b35d4b","0.0003",""
"aa8ced9bb3364055821d7d6c986ca7bd3e1b3756","0.0003",""
"88bc6177030812ea1728697c8561b015a75db208","0.0003",""
"c3e66735cca7d1a73cb418911248a740c1def78c","0.0003",""
"e5ab3588fb01f43ce7c76ee6c8c7e029fd4b2cfd","0.0003",""
"e2e5606bffffc27c43b61361910934d6dd5275bf","0.0003",""
"6b1189b60dcd3c18d259754bc62558dab5c208d2","0.0003",""
"4f03f453847eb642573b789d06b9ebec91e3aea2","0.0003",""
"9ac46f809ca591641922d7c1ea277ef3f766fe6c","0.0003",""
"8a46333ccde3212ea8079da4b43eeded708ba6e2","0.0003",""
"404a7f7458a2d5844b10b0e4175e2564206681a5","0.0003",""
"4c1c7fc5faac027ce54f0144cf395e90495f8063","0.0003",""
"e410ab8c09a096410f464be02a5a1495d7a6b067","0.0003",""
"8ee620c673d10f78ce85c886b13aa3e6b396d2fb","0.0003",""
"332a73924a60095d52c5d1eb46200f0d82b3a2e0","0.0003",""
"f2e569a4f372545a8448e111932d0f0b230df1ce","0.0003",""
"ca6ac09d0143793c038b1e7707a7d37d4c5997d7","0.0003",""
"b62331452d7fe2386d3bbf7dd33b4e0044ab9384","0.0003",""
"56d92c5951c6989a60bd2b21a4496de25fada9f0","0.0003",""
"0d63ab18c7b1cc041c7a75d715d7066be49fa515","0.0003",""
"05cd81b16af11d72f5e8ce598490153975f9a9cd","0.0003",""
"ee64a48752276abfc207f0b1cc16853eecb79612","0.0003",""
"e4a116cbe4c2afa883187cf8cca3097ef83f8df7","0.0003",""
"d143565b7becc4c1699b99498eb89c6f05b9f0ec","0.0003",""
"1cb04b8c23ec68b6218b115f36af53aff6d54389","0.0003",""
"ee6cd352c77c20d12bc4766cb0e5d3533a7b15f3","0.0003",""
"0877e332653a38242241cb7b562e85e801962dd9","0.0003",""
"52f7b718dba6424bef40e8a4aef3c7c39b05a258","0.0003",""
"cc687c81e999d95ac8ed4fa531304782fd4ff0a9","0.0003",""
"cc4dca8ce47d0c1548d4f4c08e1f1ceceea81f5d","0.0003",""
"7d01287ffac45114865b26e7db154eb2849390ab","0.0003",""
"b05c8fdfe8e6766a8f97d724ba505b138b8d8dc4","0.0003",""
"d0fc6df8a19ce570e495b60b1ac2bab0db690655","0.0003",""
"3598bd765d50bf0d1d6c3fe717e64cd3b6eb2289","0.0003",""
"7a81611509c2ceafb156217f0460afcf803e2002","0.0003",""
"e5033d20ed576014e3606b71253691a5d2e3a0f6","0.0003",""
"d9694a637cd57621cc48529378109adb0eb4e00b","0.0003",""
"10d7d347ea485e25357483b6ef16c3937efb4adf","0.0003",""
"8aecfc07a9fa52b25716f6abd3ac6c712f9082da","0.0003",""
"9d0348e2c85c673d654ad1425f93d7def1654d47","0.0003",""
"a6dede96f380572d935163053fbbc54defea3d56","0.0003",""
"4dc2a09a44da9c72100ab1bb0f8f67a4866348eb","0.0003",""
"7f56895c2c269382418750600722e68b0474006f","0.0003",""
"327cea21fd832f7547fcc4a8a3b23d0b89794b7e","0.0003",""
"f90c813204c48be685ec56f88cf70d7ab1933e00","0.0003",""
"84f1b38768be77772737297ff14aa0a3f0b814ea","0.0003",""
"b6eb3b5f0fd2d3da08bcb76ddaf34155f5f06096","0.0003",""
"832f3f9aa2da4af1885476105dc37f2e14206245","0.0003",""
"06368d6e5bd1dcb15879e8367606867ef09ff51f","0.0003",""
"0f31affa98efcce727d4fc96b4bf69ab33b5e9d8","0.0003",""
"682968be4505d1db1cdcb42ceddddaa985503c78","0.0003",""
"69b836da58d678b2f37ddf7ea61e4b691ee84913","0.0003",""
"8eadf6844ae4c90bf2d4bed297d60ad6294becff","0.0003",""
"6fd3e34f64bd5bc6f83c373e135a89fdcba946df","0.0003",""
"d0c66d5c93383ec20534559fabbabccba79a17e1","0.0003",""
"d0cb4057dd7720e02d71be6803885e793e2f9363","0.0003",""
"b541e00ff55bba4f7780e0d73b0490eb18e612e2","0.0003",""
"4cf8b1b42be82d74dd6fe1a6882f5ebc4d732265","0.0003",""
"3e3d08354a7c7c0ab922c117d83e7815e962f11c","0.0003",""
"f6a871180f5d9a050fe4e54c21ebbb0995a9b445","0.0003",""
"bfce8e7e510aca02b0fbff3681bec63093dfabfd","0.0003",""
"e7e185e1c4458763acff0342f0a73280272cd5a3","0.0003",""
"52a13db3c96a1a5093f749202b79bb5a0457010c","0.0003",""
"2294ebb00e6bc8a1e280b069513572fef1abb28a","0.0003",""
"f3a1be2ab660fd4fe56549d1069838818ef1ab5e","0.0003",""
"4d4978ebc378ab05fef83b15d80ed33096094c02","0.0003",""
"52546a677878ca994d595cf485f51ba9615a4a90","0.0003",""
"a699441f76fa478527a19cb8e440cb8fd317474d","0.0003",""
"886fe943b4d621be0d51da83013e5e5e5feff0bb","0.0003",""
"fb58ea1c32fba211bfb9b5d51d2f91980ce4d8c8","0.0003",""
"99e71596349d76428f9ffdeae275edc15dc9139f","0.0003",""
"5f62e82f78640aa40565f7d666ed4f5ef2b16731","0.0003",""
"95eb6a9f772c4945a64c7cbf9f03b706b5fc902f","0.0003",""
"328639085197ab4de0812aa6bc04c769acf6490c","0.0003",""
"0e2149d7303486a64e72c30e919bd75a6b6d658c","0.0003",""
"cc7219f24c09b3a382e27b7e9be257c4a1c7b2f8","0.0003",".idea"
"2f7cb51fed2729c709ff25a35a0f06ce78df80fe","0.0003","public"
"54a0612c59dea9840454edf8b20a4150b39ee0e8","0.0003","public"
"2c19e2e077c77592472587f84ff9ca7b33a72250","0.0003","public"
"32675eed755e7403dbef62408448897e35d03826","0.0003","public"
"877b6301426bd2a6878a6677c99f6988b3cd50f8","0.0003",".idea/misc.xml"
"90640db619f916d1dec851198e77a30aebe94c77","0.0003","public"
"cc2ea428cc1253424e54565a4512831fda9b18b9","0.0003","public"
"2c50c56d9208dab5b46c17cf34b2c23a0bb516ba","0.0003",".idea"
"9076492141b774357ae5c49852f418ef803e9894","0.0003",".idea/misc.xml"
"db77a14af3aeac8726c5660ce86e3e081ee645e3","0.0003",".idea"
"b10283c5ff2502852e224d0c8bc9b201c16054d1","0.0003",""
"27010d9251fab61628db00038c2fcbbb24bf72eb","0.0003","public/art/30_whiteboard"
"9c1438693f80c7a858c959b764ea6f38246453c3","0.0003",""
"6ad6cad6e0652bed6621328978b95264e84ee6c7","0.0003",".idea"
"8c3c4c9d7733fb854107ef17f3050438767de3ed","0.0003",""
"6d28b07035973d718dc2c458c94254e037094fb9","0.0003",""
"860723e6b3459b57ef7416ad004d606b2a5a1d62","0.0003","public"
"1f42f94eca14193facc7ae8a638b6254ee597b0e","0.0003","public"
"1028a5c5a93cbc0af1968a8084646f0b5e1f8281","0.0003","public"
"3b43d999b9d2b8189df0844640a769399e5d6a3e","0.0003","public"
"e80ad2a79f4d86ee37ec079f7944e08330a15d6a","0.0003","public"
"a5d3efe6d61f4b1d9e13c1bca5defeee2ddbb2c6","0.0003","public"
"2cf59140ce0396e4af4575e1cc5cfd18e27ca51e","0.0003","public"
"7a32e6986641c896a619971b844f56fe86e5b014","0.0003",""
"255e03da667653f190404103fe35be14362bc191","0.0003",""
"6e095eccfa723fdb19af840c27431950ff8228c0","0.0003","public"
"a759e5835c2e924671a648667650ee6551180669","0.0003","public"
"2f9dc71e0011e7328a2012ba044a4eecfbad70ea","0.0003","public"
"84ce4423321ac9b9713269bfe8b36e16cf2e9c0f","0.0003","public"
"d49689cc9d805b091945759cfa5c7d19e947fa87","0.0003","public"
"35f90b9a8a64dd76181d93a52b925a556c919dd1","0.0003","public"
"fa8f9062df150998a380e582310f981b3fb6012a","0.0003",".idea/misc.xml"
"0152089a10f383986a77666699288e3c51e9f206","0.0003","public"
"853f550c73f3be6640ee7ceee2b9d7838fe110ec","0.0003","public"
"c4f880c53304d619ad68ab408a0549560bdae0b9","0.0003",""
"12ad594bc79f0fa62019800e3b025cb3ab6508b5","0.0003",""
"3ff8ccbc6449f99cd05c487ecb1a70d45a860bed","0.0003",""
"b7e2d007644f9e98bb76f8d5a147f20eb0bc7677","0.0003",""
"0507460afad94164b68e8db3de1e3ab234d8bac5","0.0003","redirect/index.html"
"21640075dc5f9a3c8388ce49bd4a7747b87bb950","0.0003",""
"11d9305e816dcb9ef474eab56577a53f5c8797fd","0.0003",".idea/misc.xml"
"5cbd0bd91a15556678d74fd5e27687784996ad6c","0.0003","public/guide_covers"
"8bcc92be8660c6bdced810f2a72bd259ce3d9540","0.0003","public/art/30_whiteboard"
"05f4eb4026ce0a619a965cf82f68db6ba651138e","0.0003",""
"6e213feb228e50309ee118fb99fd060c7c48511c","0.0003",""
"807f73645d6c4dd0f56afb9d0fd8be54ab416ade","0.0003",""
"5acda6f909d4813b2a321f0e2b7a6841e39ee313","0.0003",""
"d607e53b1d5c942f2ba556f4753589fe411755fa","0.0003",""
"dbc2e62480e88579a00b8ea09e86e4550c3ebd5f","0.0003",".idea"
"ca4e2a372fdb348eb1320f757aed25799d478e9d","0.0003",".idea/.gitignore"
"7afd668834941a290c68a701290348b4acf5d9fd","0.0003","public/guide_covers"
"a4663f39045c50e8ab9d14e901bbb091c012bf03","0.0003",""
"5ba4f1f9b3bf3ad93aac1b435443387717127ed9","0.0003",""
"2643db5b55c5f7f175cb37c5016a331f40d98c84","0.0003",""
"73caaa5e3746d1f5dcaada7876b8eb181fac8d23","0.0003","public/mtg/other"
"16cdc6511abe8a80eebf54632c13b38ca03423fb","0.0002",""
"e2ca3d2721ed617c6cb9c11794b49f8e019acc5c","0.0002",""
"8259697516d6254924ca11a03716c46cd4061de9","0.0002",""
"223aecb33b375689a01f959780860745c39dfa62","0.0002",""
"4a8de22067afbdec64606bf7f2687900010f85cd","0.0002",""
"f3fd25992b896260d3bfd3e66a3b2423a654ab78","0.0002","index.html"
"ae1cd549860fff0118c2622365c124c3c86e8c39","0.0002","index.html"
"750fbb2bf706a01b915846398e6a5a73cca96e82","0.0002",""
"1066fbce0919f322d4b9b3706b898a78f9521664","0.0002",""
"b5eefc654eb9bdbd4ef0a1e6f1d56106d89d6072","0.0002",""
"c4765963e62d0d1ee2482491f02688a8dd9a4a53","0.0002","redirect/index.html"
"89de3e63c1b089fb6a08f34c9579da1fdd40cdb8","0.0002",""
"65453a1139f7b722565792881317f4b34431e00c","0.0002",""
"6d76378787ca0857ffe7357d698253332c851e20","0.0002","index.html"
"40eb12e9e4b0f258b5be7fb18d277726e4d722d2","0.0002",""
"1988a2e2f9076618e85975b411bbbd160860080b","0.0002",""
"dde08d8318e50a87284d8c1f0d53810365d7322e","0.0002","convert.sh"
"78bac41ac4009b6185b79d873f9708565dc100ae","0.0002",""
"3bcf381f26afe5263ad763ee306981a1bdfa944e","0.0002",""
"074c8c4bec1c35eeb23dc36fc91024112a765168","0.0002",""
"fe84b0ec0dcb68f11c51e529712eabfd30e9c43d","0.0002",""
"4ac5a68465926d480a8a7da1c8c8361f58c4d50d","0.0002",""
"d90b3d544d86f5e51d5f1b7b05d1766bfe3dec6c","0.0002",""
"673b6954e31b83fb5f6fec36308b3da39b174a2c","0.0002","public/art/20_high_quality_mixes"
"58f0a06da3b8ed85f410c60df2a7f5713db02b48","0.0002","public/art"
"df19649b6bddfd9d8cb3f10e1ccf62a3b85dfefa","0.0002","public/art/20_high_quality_mixes"
"e9cb904308c1b01aca903cd4ddc89729101e04d3","0.0002","public/art"
"aaed9e2042d107e3d279ae333eaac3b20a31398b","0.0002","public/art"
"2f6f71eb68aff55bf594b21ed323586b407c525e","0.0002","public"
"25e411e391f68cb7f9642f74157346da5aff67a2","0.0002","public/mtg/minecraft"
"c8397c94c0e3faf3de616326ba8901e97fca11ca","0.0002",".idea/vcs.xml"
"beca26eb8330f093d542b9b15250e2cc8ad58931","0.0002","public/mtg/hhhgregg"
"f5a863a7cd38d778930569dd1b7a747ec2fff649","0.0002",".idea/indexLayout.xml"
"11834703ec07e7a79f626771828b4d8eccd01da1","0.0002","public/art"
"20fc29e7a85e1af4cdab6fc32d2197bfd9cc1d27","0.0002",".idea/inspectionProfiles/profiles_settings.xml"
"865949cd8e6d94da97df0f327ebef70790a72d1a","0.0002","public"
"27b5540c1da385b88c8d179b32d6b073b6db3b00","0.0002","public"
"0a07201a9451a294bc4f7fa94fd326a07709ab89","0.0002",".idea"
"a268bba0d5e0382a2609aa24abeb72509b1c8f83","0.0002","public"
"ba7d581e7ea0515622070bb8dc58c109fb43ca60","0.0002","public"
"b5275877cc924903ac872fc8ae1e24d7a3684d94","0.0002","public"
"cc2b4205458a1b09ec9e09e66fb21fd08eec91e0","0.0002","public/art/20_high_quality_mixes"
"a759df5f4e0f7898d10ed2a52d26bbbb494626ed","0.0002","public"
"d9083068f40d3fa1176377163985e95acc177eb0","0.0002","public"
"e023471b41172a7b5b630748b34a326609675c59","0.0002","public"
"105ce2da2d6447d11dfe32bfb846c3d5b199fc99","0.0002",".idea/inspectionProfiles/profiles_settings.xml"
"07426f22d8c575e0fce9a5d983584a20404dc55a","0.0001","public/mtg/cardmarket"
"027af137a073101b402affad971ffde3753e1524","0.0001","public/metafight/other_artists"
"d2c6c90263f1cf71f045b76af875c9eeb59326a4","0.0001",".idea/inspectionProfiles"
"9a1869e5a8f977792a3b2d38b7385bf5f809c8ce","0.0001",""
"e7ae0c651ad92db7a55684607491e3b9f21ae5db","0.0001","processor.css"
"7a9855ddfbf4cdc7db0ff370bbac8c43c458df67","0.0001","processor.css"
"4aaad089309a9f46b3624bce56f5892df1ac4bf4","0.0001",""
"9d5499d64600aabf96d4e35f5338c2b136b5b304","0.0001","public"
"116541559a66242f4a8281c4c8b10e688fcc1cfc","0.0001",".idea"
"45c4444f813f86357a13a52b0e5bd9bc529aec1b","0.0001",".idea/inspectionProfiles"
"c230b03f4807fae61963aadab3b851baf1532f45","0.0001","public"
"1dbd2b02b40c106d908d16b992a4cf414135a03f","0.0001","public"
"a818d430c371ebad9f012f6d5a8b7f79c2f0a997","0.0001","public"
"6a3b09e3952c337bd36e9475d51f19dc03d27e7d","0.0001","public/guide_covers"
"738a383fcb46b568dd134f74324c0958616aa97f","0.0001","public"
"a64584c81c1f432a17c093fe41d30a3a83c2ca4c","0.0001","public/metafight/bonus_cards"
"a23057d198616f9c2f6cecade42ffa6a8362c2f9","0.0001","public"
"a2c2a879609a995d59809889a6096d06ceb374b0","0","images"
"ea9b97a8f9cc47da1461512897b24a1e46360153","0","css"
"2075543deb306234ef0518ae2fe149f2d7bf9bfa","0","css"
"6bb479c469e5644f04c1357385b57dd2721e3faa","0","CNAME"
"e9b7911b1fa9dd355fe4ba180f6af61044d57c2e","0","README.md"
"01696a21b9105b72e0ab40a35b7026b90319b438","0","css"
"cffd5659149681c01465d61dd852a65ab4d58fe8","0","css"
"f1a58b67fc60d77b2c75d345eafc31e93234a0f0","0",""
"e69de29bb2d1d6434b8b29ae775ad8c2e48c5391","0","format_filenames.py"
"8d16f9d8db39e6ec9bb40f98e29b435825bc99e3","0","css"
"a3e42c6420e08737743f1f00119bff6b9a6ea605","0","css"
"76cd821f8c79b6223d1cfcca65fd8b5f5ae104fe","0",".gitignore"
"d3f5a12faa99758192ecc4ed3fc22c9249232e86","0","public/mtg/other/v1.png"
"80fb27cd9b86263b0a61beafabcbf373d401c9c2","0","redirect"
"9f70371fee969489e95b47fb031936e1435d7c17","0",".gitignore"
"f592e7d409be3acaf85258f189b7bb34a6095fdb","0","redirect"
"b149182da09bddcf65c841d961b23b0275e3e1b9","0","css"
"05d9caad3a71eb1345a65de17ecb97abe94f4450","0","redirect"
"7615e9f74af5e42c0143f5931c3372b8d7af343e","0","css"
"387f32fc2f4c96f322e07969579b97c9ecbefd18","0","css"
"ed4fa28461dc0afe2b3177afd0d816a836067120","0",".gitignore"
"13e7053b777a9043ec81e01fb3c38f4f362ebd3e","0","mtg"
"bd5d1103895828bdd05f32e43be590400d8c777a","0","css"
"ec2869226f0e8ae4edb1250e7c122d184e323e81","0","public/videos"
